CRUISE,HAUL_NO,SPECIES,COMMON_NAME,TOTAL_NO
0002,1,2058,PYROSOMA,1
0002,1,2468,THETYS SALP,5
0002,1,2839,PURPLE-STRIPED JELLY,4
0002,2,2058,PYROSOMA,1
0002,2,2468,THETYS SALP,1
0002,2,2839,PURPLE-STRIPED JELLY,2
0002,3,1766,SEA NETTLE,1
0002,3,2468,THETYS SALP,53
0002,3,2839,PURPLE-STRIPED JELLY,4
0002,4,1766,SEA NETTLE,2
0002,4,2058,PYROSOMA,1
0002,4,2468,THETYS SALP,175
0002,4,2839,PURPLE-STRIPED JELLY,3
0002,5,2393,SALP,32
0002,5,2468,THETYS SALP,13
0002,6,1766,SEA NETTLE,1
0002,6,2058,PYROSOMA,3
0002,6,2468,THETYS SALP,36
0002,6,2839,PURPLE-STRIPED JELLY,1
0002,8,2468,THETYS SALP,235
0002,10,2468,THETYS SALP,3
0002,11,2393,SALP,17
0002,11,2468,THETYS SALP,6
0002,12,2058,PYROSOMA,1
0002,12,2393,SALP,7
0002,12,2468,THETYS SALP,14
0002,12,2840,MOON JELLY,1
0002,13,2393,SALP,1
0002,13,2468,THETYS SALP,2
0002,14,1869,HETEROPOD,1
0002,14,2468,THETYS SALP,3
0002,14,2839,PURPLE-STRIPED JELLY,1
0002,15,2468,THETYS SALP,47
0002,17,2468,THETYS SALP,1
0002,19,1766,SEA NETTLE,2
0002,19,2468,THETYS SALP,46
0002,20,1766,SEA NETTLE,13
0002,20,2468,THETYS SALP,66
0002,21,1869,HETEROPOD,1
0002,21,2393,SALP,1
0002,21,2468,THETYS SALP,17
0002,23,1869,HETEROPOD,1
0002,23,2393,SALP,1
0002,23,2468,THETYS SALP,13
0002,25,1766,SEA NETTLE,1
0002,25,1869,HETEROPOD,7
0002,25,2058,PYROSOMA,1
0002,25,2393,SALP,86
0002,25,2468,THETYS SALP,239
0002,25,2840,MOON JELLY,1
0002,26,2393,SALP,3
0002,26,2468,THETYS SALP,33
0002,26,2840,MOON JELLY,1
0002,27,2468,THETYS SALP,10
0002,27,2840,MOON JELLY,3
0002,28,1766,SEA NETTLE,1
0002,28,1869,HETEROPOD,1
0002,28,2468,THETYS SALP,92
0002,29,1869,HETEROPOD,2
0002,29,2393,SALP,1
0002,29,2468,THETYS SALP,111
0002,30,1869,HETEROPOD,1
0002,30,2468,THETYS SALP,522
0002,31,1869,HETEROPOD,7
0002,31,2058,PYROSOMA,1
0002,31,2468,THETYS SALP,208
0002,34,1766,SEA NETTLE,1
0002,34,1869,HETEROPOD,2
0002,34,2058,PYROSOMA,1
0002,34,2468,THETYS SALP,236
0002,34,2840,MOON JELLY,1
0002,35,2468,THETYS SALP,47
0002,36,2468,THETYS SALP,8
0002,36,2840,MOON JELLY,6
0002,37,1766,SEA NETTLE,105
0002,37,2840,MOON JELLY,133
0002,38,2468,THETYS SALP,15
0002,39,2468,THETYS SALP,13
0002,40,1766,SEA NETTLE,36
0002,40,2839,PURPLE-STRIPED JELLY,5
0002,40,2840,MOON JELLY,1
0002,41,1766,SEA NETTLE,3
0002,41,2058,PYROSOMA,1
0002,41,2839,PURPLE-STRIPED JELLY,2
0002,42,2468,THETYS SALP,30
0002,43,2468,THETYS SALP,63
0002,44,2468,THETYS SALP,13
0002,45,2468,THETYS SALP,8
0002,45,2839,PURPLE-STRIPED JELLY,1
0002,47,2468,THETYS SALP,28
0002,47,2839,PURPLE-STRIPED JELLY,1
0002,49,1766,SEA NETTLE,1
0002,49,2468,THETYS SALP,3
0002,49,2840,MOON JELLY,1
0002,50,2468,THETYS SALP,99
0002,51,2393,SALP,5
0002,51,2468,THETYS SALP,9
0002,51,2840,MOON JELLY,1
0002,52,2468,THETYS SALP,13
0002,53,1766,SEA NETTLE,1
0002,53,2468,THETYS SALP,78
0002,53,2839,PURPLE-STRIPED JELLY,3
0002,53,2840,MOON JELLY,3
0002,54,2058,PYROSOMA,1
0002,54,2468,THETYS SALP,2
0002,56,2468,THETYS SALP,6
0002,58,1869,HETEROPOD,1
0002,58,2393,SALP,4
0002,58,2468,THETYS SALP,32
0002,59,1766,SEA NETTLE,57
0002,59,1869,HETEROPOD,2
0002,59,2468,THETYS SALP,41
0002,59,2839,PURPLE-STRIPED JELLY,5
0002,59,2840,MOON JELLY,1
0002,60,2393,SALP,1
0002,60,2468,THETYS SALP,9
0002,62,1766,SEA NETTLE,9
0002,62,2468,THETYS SALP,97
0002,64,1766,SEA NETTLE,1
0002,64,2393,SALP,1
0002,64,2468,THETYS SALP,38
0002,65,1869,HETEROPOD,1
0002,65,2058,PYROSOMA,1
0002,65,2468,THETYS SALP,12
0002,66,1869,HETEROPOD,4
0002,66,2393,SALP,3
0002,66,2468,THETYS SALP,23
0002,67,2468,THETYS SALP,7
0002,68,2393,SALP,1
0002,68,2468,THETYS SALP,21
0002,68,2840,MOON JELLY,1
0002,69,2468,THETYS SALP,32
0002,69,2840,MOON JELLY,2
0002,70,1766,SEA NETTLE,13
0002,70,2839,PURPLE-STRIPED JELLY,6
0002,71,1766,SEA NETTLE,4
0002,71,2468,THETYS SALP,6
0002,71,2840,MOON JELLY,1
0002,72,1766,SEA NETTLE,1
0002,72,2468,THETYS SALP,29
0002,73,1766,SEA NETTLE,1
0002,73,1869,HETEROPOD,1
0002,73,2468,THETYS SALP,34
0002,74,1766,SEA NETTLE,2
0002,74,1869,HETEROPOD,3
0002,74,2468,THETYS SALP,13
0002,75,1869,HETEROPOD,1
0002,75,2468,THETYS SALP,10
0002,77,1766,SEA NETTLE,189
0002,77,2468,THETYS SALP,4
0002,77,2839,PURPLE-STRIPED JELLY,1
0002,77,2840,MOON JELLY,3
0002,78,1766,SEA NETTLE,6
0002,79,2468,THETYS SALP,1
0002,80,2468,THETYS SALP,4
0002,81,2468,THETYS SALP,67
0002,82,2468,THETYS SALP,12
0002,83,1766,SEA NETTLE,9
0002,83,2468,THETYS SALP,9
0002,83,2839,PURPLE-STRIPED JELLY,2
0002,84,1766,SEA NETTLE,26
0002,84,1869,HETEROPOD,2
0002,85,1766,SEA NETTLE,24
0002,86,1766,SEA NETTLE,2
0002,86,2840,MOON JELLY,2
0002,89,1766,SEA NETTLE,9
0002,89,2839,PURPLE-STRIPED JELLY,3
0002,89,2840,MOON JELLY,155
0002,90,1766,SEA NETTLE,2
0002,90,2840,MOON JELLY,2
0002,91,1766,SEA NETTLE,1
0002,91,2839,PURPLE-STRIPED JELLY,1
0002,92,1766,SEA NETTLE,1
0002,92,2839,PURPLE-STRIPED JELLY,2
0002,92,2840,MOON JELLY,5
0002,93,1766,SEA NETTLE,3
0002,94,1766,SEA NETTLE,1
0002,94,2839,PURPLE-STRIPED JELLY,1
0002,94,2840,MOON JELLY,2
0002,96,1766,SEA NETTLE,1
0002,96,2058,PYROSOMA,1
0002,96,2393,SALP,3
0002,96,2468,THETYS SALP,9
0002,98,1869,HETEROPOD,1
0002,98,2393,SALP,4
0002,98,2840,MOON JELLY,1
0002,99,2393,SALP,10
0002,99,2468,THETYS SALP,68
0002,100,2468,THETYS SALP,161
0002,101,2468,THETYS SALP,84
0002,102,1766,SEA NETTLE,9
0002,102,2468,THETYS SALP,14
0002,103,1766,SEA NETTLE,14
0002,105,2468,THETYS SALP,4
0002,107,1869,HETEROPOD,3
0002,107,2058,PYROSOMA,1
0002,107,2468,THETYS SALP,4
0002,109,1766,SEA NETTLE,3
0002,109,2468,THETYS SALP,2
0002,110,1766,SEA NETTLE,8
0002,110,2839,PURPLE-STRIPED JELLY,2
0002,111,1766,SEA NETTLE,3
0002,113,2468,THETYS SALP,1
0002,115,1869,HETEROPOD,1
0002,115,2468,THETYS SALP,2
0002,116,2468,THETYS SALP,2
0002,117,2393,SALP,4
0002,117,2468,THETYS SALP,190
0002,117,2839,PURPLE-STRIPED JELLY,1
0002,118,1766,SEA NETTLE,1
0002,118,1869,HETEROPOD,1
0002,118,2468,THETYS SALP,40
0002,119,1869,HETEROPOD,1
0002,119,2468,THETYS SALP,122
0002,120,1869,HETEROPOD,1
0002,120,2058,PYROSOMA,2
0002,120,2468,THETYS SALP,91
0002,122,1869,HETEROPOD,4
0002,122,2468,THETYS SALP,298
0002,124,2468,THETYS SALP,77
0002,125,2468,THETYS SALP,36
0002,126,1766,SEA NETTLE,18
0002,126,2468,THETYS SALP,27
0002,126,2839,PURPLE-STRIPED JELLY,11
0002,126,2840,MOON JELLY,20
0103,2,1869,HETEROPOD,1
0103,3,2839,PURPLE-STRIPED JELLY,3
0103,4,1869,HETEROPOD,2
0103,4,2058,PYROSOMA,1
0103,5,2839,PURPLE-STRIPED JELLY,1
0103,6,2839,PURPLE-STRIPED JELLY,2
0103,7,2468,THETYS SALP,17
0103,7,2839,PURPLE-STRIPED JELLY,4
0103,7,2840,MOON JELLY,3
0103,8,1869,HETEROPOD,2
0103,9,2840,MOON JELLY,1
0103,11,2058,PYROSOMA,3
0103,14,2468,THETYS SALP,1
0103,15,2839,PURPLE-STRIPED JELLY,8
0103,17,2393,SALP,4
0103,17,2468,THETYS SALP,28
0103,18,2058,PYROSOMA,2
0103,18,2468,THETYS SALP,2
0103,18,2840,MOON JELLY,1
0103,19,2393,SALP,10
0103,19,2468,THETYS SALP,1
0103,22,1766,SEA NETTLE,2
0103,22,2840,MOON JELLY,2
0103,23,2468,THETYS SALP,15
0103,24,2393,SALP,1
0103,24,2468,THETYS SALP,1
0103,27,2840,MOON JELLY,3
0103,28,2468,THETYS SALP,1
0103,29,2840,MOON JELLY,24
0103,30,2393,SALP,2
0103,30,2840,MOON JELLY,2
0103,31,2393,SALP,1
0103,31,2468,THETYS SALP,1
0103,32,2393,SALP,8
0103,32,2840,MOON JELLY,2
0103,33,2840,MOON JELLY,4
0103,34,2840,MOON JELLY,99
0103,35,1766,SEA NETTLE,29
0103,35,2840,MOON JELLY,38
0103,36,1766,SEA NETTLE,23
0103,36,2840,MOON JELLY,20
0103,38,2839,PURPLE-STRIPED JELLY,1
0103,40,2839,PURPLE-STRIPED JELLY,1
0103,40,2840,MOON JELLY,2
0103,42,2840,MOON JELLY,1
0103,44,1869,HETEROPOD,1
0103,46,2393,SALP,114
0103,46,2468,THETYS SALP,1
0103,48,1766,SEA NETTLE,1
0103,48,2393,SALP,25
0103,48,2839,PURPLE-STRIPED JELLY,2
0103,52,1869,HETEROPOD,2
0103,52,2468,THETYS SALP,2
0103,53,1869,HETEROPOD,1
0103,53,2839,PURPLE-STRIPED JELLY,3
0103,55,2058,PYROSOMA,1
0103,57,1869,HETEROPOD,1
0103,58,1766,SEA NETTLE,1
0103,58,2468,THETYS SALP,1
0103,58,2839,PURPLE-STRIPED JELLY,1
0103,61,2393,SALP,2
0103,64,2393,SALP,1
0103,64,2840,MOON JELLY,4
0103,65,1869,HETEROPOD,1
0103,65,2840,MOON JELLY,3
0103,66,1766,SEA NETTLE,1
0103,66,2840,MOON JELLY,1
0103,67,2840,MOON JELLY,3
0103,68,1766,SEA NETTLE,1
0103,68,2058,PYROSOMA,1
0103,68,2393,SALP,3
0103,70,2393,SALP,28
0103,72,1869,HETEROPOD,2
0103,72,2393,SALP,1
0103,73,2058,PYROSOMA,1
0103,73,2840,MOON JELLY,3
0103,74,1766,SEA NETTLE,124
0103,74,2839,PURPLE-STRIPED JELLY,1
0103,74,2840,MOON JELLY,125
0103,75,1766,SEA NETTLE,15
0103,75,2839,PURPLE-STRIPED JELLY,2
0103,75,2840,MOON JELLY,471
0103,76,2839,PURPLE-STRIPED JELLY,5
0103,76,2840,MOON JELLY,2
0103,77,2468,THETYS SALP,2
0103,87,2839,PURPLE-STRIPED JELLY,2
0103,88,2839,PURPLE-STRIPED JELLY,2
0103,89,2839,PURPLE-STRIPED JELLY,1
0103,91,2393,SALP,16
0103,91,2839,PURPLE-STRIPED JELLY,1
0103,97,2393,SALP,3
0103,98,2058,PYROSOMA,3
0103,98,2840,MOON JELLY,1
0103,100,2468,THETYS SALP,3
0103,101,2058,PYROSOMA,1
0103,101,2839,PURPLE-STRIPED JELLY,9
0103,101,2840,MOON JELLY,2
0103,102,2839,PURPLE-STRIPED JELLY,1
0103,104,1869,HETEROPOD,1
0103,104,2468,THETYS SALP,1
0103,105,1869,HETEROPOD,1
0103,105,2058,PYROSOMA,2
0103,105,2393,SALP,6
0103,106,2058,PYROSOMA,1
0103,106,2393,SALP,34
0103,106,2839,PURPLE-STRIPED JELLY,1
0103,106,2840,MOON JELLY,1
0103,107,1766,SEA NETTLE,1
0103,107,2839,PURPLE-STRIPED JELLY,1
0103,107,2840,MOON JELLY,11
0103,109,1766,SEA NETTLE,5
0103,109,2393,SALP,3
0103,109,2468,THETYS SALP,1
0103,111,2468,THETYS SALP,5
0103,111,2840,MOON JELLY,1
0103,112,2840,MOON JELLY,1
0103,113,2468,THETYS SALP,4
0103,114,2058,PYROSOMA,1
0103,117,1766,SEA NETTLE,2
0103,117,2840,MOON JELLY,146
0103,118,2840,MOON JELLY,184
0103,119,1766,SEA NETTLE,2
0103,119,2840,MOON JELLY,5
0103,120,2840,MOON JELLY,1
0103,121,1766,SEA NETTLE,222
0103,121,2840,MOON JELLY,3
0103,122,1766,SEA NETTLE,3
0103,122,2840,MOON JELLY,8
0103,123,2839,PURPLE-STRIPED JELLY,19
0103,123,2840,MOON JELLY,4
0504,17,2840,MOON JELLY,1
0504,23,2840,MOON JELLY,3
0504,26,2840,MOON JELLY,1
0504,54,1766,SEA NETTLE,1
0504,55,2840,MOON JELLY,1
0504,57,2840,MOON JELLY,1
0504,58,2840,MOON JELLY,1
0504,71,1766,SEA NETTLE,1
0504,78,2840,MOON JELLY,1
0504,79,2840,MOON JELLY,1
0504,81,2840,MOON JELLY,1
0504,83,2840,MOON JELLY,1
0504,98,2840,MOON JELLY,1
0504,117,2840,MOON JELLY,1
0504,118,1766,SEA NETTLE,1
0504,119,1766,SEA NETTLE,1
0504,123,1766,SEA NETTLE,1
0504,125,1766,SEA NETTLE,1
0504,129,1766,SEA NETTLE,2
0504,130,1766,SEA NETTLE,1
0504,149,2840,MOON JELLY,1
0504,150,1766,SEA NETTLE,1
0504,151,1766,SEA NETTLE,2
0603,9,1766,SEA NETTLE,1
0603,62,1766,SEA NETTLE,1
0603,68,2840,MOON JELLY,1
0603,72,1766,SEA NETTLE,1
0603,82,1766,SEA NETTLE,3
0603,101,1766,SEA NETTLE,1
0603,102,1766,SEA NETTLE,10
0603,110,1766,SEA NETTLE,4
0603,110,2840,MOON JELLY,1
0603,111,1766,SEA NETTLE,6
0603,111,2840,MOON JELLY,1
0603,112,1766,SEA NETTLE,25
0603,130,1766,SEA NETTLE,1
0703,23,1766,SEA NETTLE,1
0703,23,2839,PURPLE-STRIPED JELLY,1
0703,24,2840,MOON JELLY,1
0703,34,1766,SEA NETTLE,1
0703,42,1766,SEA NETTLE,1
0703,47,1766,SEA NETTLE,1
0703,65,1766,SEA NETTLE,7
0703,65,2840,MOON JELLY,2
0703,67,1766,SEA NETTLE,2
0703,67,2839,PURPLE-STRIPED JELLY,1
0703,69,1766,SEA NETTLE,1
0703,70,1766,SEA NETTLE,3
0703,70,2840,MOON JELLY,2
0703,93,1766,SEA NETTLE,2
0703,94,1766,SEA NETTLE,1
0703,115,2840,MOON JELLY,1
0703,142,2840,MOON JELLY,5
0703,143,1766,SEA NETTLE,25
0703,144,1766,SEA NETTLE,92
0703,144,2840,MOON JELLY,2
0803,2,2839,PURPLE-STRIPED JELLY,1
0803,3,1766,SEA NETTLE,39
0803,3,2840,MOON JELLY,3
0803,5,1766,SEA NETTLE,1
0803,5,2840,MOON JELLY,5
0803,6,2840,MOON JELLY,1
0803,7,2840,MOON JELLY,5
0803,8,1766,SEA NETTLE,18
0803,8,2840,MOON JELLY,4
0803,10,2840,MOON JELLY,3
0803,14,1766,SEA NETTLE,2
0803,20,1766,SEA NETTLE,1
0803,20,2840,MOON JELLY,1
0803,25,2840,MOON JELLY,9
0803,26,2840,MOON JELLY,2
0803,27,2840,MOON JELLY,3
0803,28,2840,MOON JELLY,2
0803,30,2840,MOON JELLY,2
0803,32,2840,MOON JELLY,1
0803,33,2840,MOON JELLY,1
0803,81,2840,MOON JELLY,6
0803,82,2840,MOON JELLY,1
0902,2,2839,PURPLE-STRIPED JELLY,2
0902,5,2840,MOON JELLY,1
0902,8,1766,SEA NETTLE,1
0902,8,2840,MOON JELLY,1
0902,9,2840,MOON JELLY,1
0902,10,2840,MOON JELLY,37
0902,11,1766,SEA NETTLE,1
0902,11,2840,MOON JELLY,15
0902,12,2839,PURPLE-STRIPED JELLY,3
0902,12,2840,MOON JELLY,48
0902,21,2840,MOON JELLY,5
0902,22,2840,MOON JELLY,20
0902,27,2840,MOON JELLY,3
0902,29,2839,PURPLE-STRIPED JELLY,1
0902,30,1766,SEA NETTLE,2
0902,30,2840,MOON JELLY,3
0902,32,1766,SEA NETTLE,1
0902,34,2840,MOON JELLY,4
0902,40,2840,MOON JELLY,3
0902,46,1766,SEA NETTLE,1
0902,46,2840,MOON JELLY,3
0902,48,1766,SEA NETTLE,1
0902,48,2840,MOON JELLY,1
0902,50,1766,SEA NETTLE,33
0902,51,1766,SEA NETTLE,21
0902,55,1766,SEA NETTLE,1
0902,60,2840,MOON JELLY,1
0902,65,2839,PURPLE-STRIPED JELLY,1
0902,65,2840,MOON JELLY,1
0902,66,2840,MOON JELLY,6
0902,73,2840,MOON JELLY,2
0902,75,2840,MOON JELLY,1
0902,77,2840,MOON JELLY,1
0902,78,2840,MOON JELLY,1
0902,82,2840,MOON JELLY,1
0902,89,1766,SEA NETTLE,36
0902,90,2840,MOON JELLY,9
0902,91,1766,SEA NETTLE,1
0902,91,2840,MOON JELLY,22
0902,93,1766,SEA NETTLE,1
0902,93,2840,MOON JELLY,1
0902,95,2839,PURPLE-STRIPED JELLY,1
0902,97,2840,MOON JELLY,1
0902,98,2839,PURPLE-STRIPED JELLY,1
0902,98,2840,MOON JELLY,1
0902,102,2840,MOON JELLY,2
0902,103,2840,MOON JELLY,1
0902,124,2840,MOON JELLY,5
0902,129,2839,PURPLE-STRIPED JELLY,1
0902,129,2840,MOON JELLY,1
1002,1,1766,SEA NETTLE,38
1002,5,1766,SEA NETTLE,1627
1002,6,1766,SEA NETTLE,8
1002,7,1766,SEA NETTLE,2
1002,9,2839,PURPLE-STRIPED JELLY,1
1002,10,1766,SEA NETTLE,4
1002,11,1766,SEA NETTLE,13
1002,12,1766,SEA NETTLE,51
1002,13,1766,SEA NETTLE,10
1002,14,1766,SEA NETTLE,2
1002,15,1766,SEA NETTLE,4
1002,23,1766,SEA NETTLE,2
1002,41,1766,SEA NETTLE,2
1002,43,1766,SEA NETTLE,3
1002,44,1766,SEA NETTLE,1
1002,45,1766,SEA NETTLE,8
1002,46,1766,SEA NETTLE,2
1002,47,1766,SEA NETTLE,2
1002,48,1766,SEA NETTLE,35
1002,49,1766,SEA NETTLE,10
1002,50,1766,SEA NETTLE,9
1002,54,1766,SEA NETTLE,1
1002,58,1766,SEA NETTLE,3
1002,60,1766,SEA NETTLE,19
1002,61,1766,SEA NETTLE,3
1002,62,1766,SEA NETTLE,1
1002,65,1766,SEA NETTLE,51
1002,68,1766,SEA NETTLE,6
1002,69,1766,SEA NETTLE,1
1002,72,1766,SEA NETTLE,10
1002,73,1766,SEA NETTLE,37
1002,74,1766,SEA NETTLE,15
1002,75,1766,SEA NETTLE,17
1002,75,2839,PURPLE-STRIPED JELLY,1
1002,76,1766,SEA NETTLE,18
1002,79,1766,SEA NETTLE,1
1002,80,1766,SEA NETTLE,1
1002,104,1766,SEA NETTLE,3
1002,105,1766,SEA NETTLE,513
1002,122,1766,SEA NETTLE,1
1002,129,1766,SEA NETTLE,1
1002,130,1766,SEA NETTLE,2
1002,130,2839,PURPLE-STRIPED JELLY,1
1002,132,1766,SEA NETTLE,6
1101,9,1766,SEA NETTLE,4816
1101,10,1766,SEA NETTLE,351
1101,18,1766,SEA NETTLE,1
1101,18,2840,MOON JELLY,1
1101,19,1766,SEA NETTLE,3
1101,19,2840,MOON JELLY,1
1101,22,1766,SEA NETTLE,1
1101,22,2840,MOON JELLY,5
1101,23,1766,SEA NETTLE,102
1101,23,2840,MOON JELLY,56
1101,24,1766,SEA NETTLE,110
1101,24,2840,MOON JELLY,2
1101,26,1766,SEA NETTLE,2
1101,27,1766,SEA NETTLE,87
1101,27,2840,MOON JELLY,2
1101,28,1766,SEA NETTLE,905
1101,29,2840,MOON JELLY,3
1101,30,2840,MOON JELLY,1
1101,31,1766,SEA NETTLE,2
1101,31,2840,MOON JELLY,2
1101,32,2840,MOON JELLY,1
1101,33,1766,SEA NETTLE,1
1101,34,1766,SEA NETTLE,5
1101,43,1766,SEA NETTLE,1
1101,43,2840,MOON JELLY,3
1101,50,1766,SEA NETTLE,3
1101,50,2840,MOON JELLY,5
1101,51,1766,SEA NETTLE,2
1101,52,2840,MOON JELLY,1
1101,53,2840,MOON JELLY,2
1101,54,1766,SEA NETTLE,5
1101,54,2840,MOON JELLY,7
1101,55,1766,SEA NETTLE,2
1101,55,2840,MOON JELLY,6
1101,56,2840,MOON JELLY,3
1101,57,1766,SEA NETTLE,1
1101,57,2840,MOON JELLY,1
1101,58,1766,SEA NETTLE,1984
1101,60,1766,SEA NETTLE,8836
1203,4,1766,SEA NETTLE,29
1203,13,1766,SEA NETTLE,1
1203,15,1766,SEA NETTLE,6
1203,16,1766,SEA NETTLE,1
1203,22,1766,SEA NETTLE,4
1203,26,2058,PYROSOMA,362
1203,26,2393,SALP,20632
1203,27,2058,PYROSOMA,103
1203,27,2393,SALP,1427
1203,27,2468,THETYS SALP,68
1203,28,2058,PYROSOMA,10
1203,28,2393,SALP,4941
1203,28,2468,THETYS SALP,94
1203,29,1766,SEA NETTLE,66
1203,29,2393,SALP,458
1203,31,1766,SEA NETTLE,9
1203,31,2393,SALP,54064
1203,32,2393,SALP,1365
1203,33,2058,PYROSOMA,4
1203,33,2393,SALP,880
1203,34,2058,PYROSOMA,1
1203,34,2393,SALP,926
1203,35,2058,PYROSOMA,17
1203,35,2393,SALP,3801
1203,36,2058,PYROSOMA,96
1203,36,2393,SALP,172800
1203,36,2468,THETYS SALP,120
1203,37,1766,SEA NETTLE,2
1203,37,2058,PYROSOMA,213
1203,37,2393,SALP,25444
1203,37,2468,THETYS SALP,249
1203,38,2058,PYROSOMA,90
1203,38,2393,SALP,29001
1203,38,2468,THETYS SALP,188
1203,39,2058,PYROSOMA,13
1203,39,2393,SALP,196667
1203,40,2393,SALP,264
1203,41,2393,SALP,669
1203,42,2393,SALP,209
1203,42,2468,THETYS SALP,2
1203,43,2058,PYROSOMA,34
1203,43,2393,SALP,72
1203,43,2468,THETYS SALP,4
1203,44,2058,PYROSOMA,12
1203,44,2393,SALP,29
1203,44,2468,THETYS SALP,2
1203,45,2058,PYROSOMA,42
1203,45,2393,SALP,14
1203,46,2393,SALP,1148
1203,46,2468,THETYS SALP,374
1203,47,2058,PYROSOMA,42
1203,47,2393,SALP,19800
1203,47,2468,THETYS SALP,81
1203,48,2058,PYROSOMA,114
1203,48,2393,SALP,17719
1203,48,2468,THETYS SALP,53
1203,49,2058,PYROSOMA,39
1203,49,2393,SALP,2724
1203,49,2468,THETYS SALP,35
1203,50,2058,PYROSOMA,3
1203,50,2393,SALP,4501
1203,50,2468,THETYS SALP,38
1203,53,2058,PYROSOMA,8
1203,53,2393,SALP,152
1203,53,2468,THETYS SALP,5
1203,54,1869,HETEROPOD,8
1203,54,2058,PYROSOMA,25
1203,54,2393,SALP,963
1203,54,2468,THETYS SALP,3
1203,55,1869,HETEROPOD,1
1203,55,2058,PYROSOMA,55
1203,55,2393,SALP,1881
1203,55,2468,THETYS SALP,15
1203,56,2058,PYROSOMA,44
1203,56,2393,SALP,1103
1203,56,2468,THETYS SALP,35
1203,57,2058,PYROSOMA,9
1203,57,2393,SALP,132
1203,57,2468,THETYS SALP,14
1203,58,1869,HETEROPOD,1
1203,58,2058,PYROSOMA,13
1203,58,2393,SALP,37
1203,58,2468,THETYS SALP,10
1203,59,2058,PYROSOMA,9
1203,59,2393,SALP,63
1203,59,2468,THETYS SALP,35
1203,60,2058,PYROSOMA,2
1203,60,2393,SALP,2045
1203,60,2468,THETYS SALP,2
1203,61,2058,PYROSOMA,6
1203,61,2393,SALP,1213
1203,62,2058,PYROSOMA,14
1203,62,2393,SALP,12147
1203,63,2058,PYROSOMA,77
1203,63,2393,SALP,2803
1203,63,2468,THETYS SALP,6
1203,64,2058,PYROSOMA,5
1203,64,2393,SALP,4207
1203,64,2468,THETYS SALP,111
1203,65,1869,HETEROPOD,5
1203,65,2058,PYROSOMA,6
1203,65,2393,SALP,2979
1203,65,2468,THETYS SALP,33
1203,66,1869,HETEROPOD,14
1203,66,2058,PYROSOMA,84
1203,66,2393,SALP,7497
1203,66,2468,THETYS SALP,2
1203,67,1766,SEA NETTLE,2
1203,67,2058,PYROSOMA,44
1203,67,2393,SALP,1460
1203,68,2058,PYROSOMA,21
1203,68,2393,SALP,1718
1203,69,2058,PYROSOMA,15
1203,69,2393,SALP,695
1203,70,1766,SEA NETTLE,6
1203,70,2393,SALP,111
1203,71,2393,SALP,46
1203,72,2058,PYROSOMA,111
1203,72,2393,SALP,189
1203,73,2058,PYROSOMA,348
1203,73,2393,SALP,1267
1203,74,2058,PYROSOMA,449
1203,74,2393,SALP,2676
1203,75,2058,PYROSOMA,209
1203,75,2393,SALP,722
1203,76,1766,SEA NETTLE,3
1203,76,2058,PYROSOMA,33
1203,76,2393,SALP,477
1203,76,2468,THETYS SALP,23
1203,77,1766,SEA NETTLE,3
1203,77,2058,PYROSOMA,84
1203,77,2393,SALP,210
1203,77,2468,THETYS SALP,5
1203,78,1766,SEA NETTLE,167
1203,78,2058,PYROSOMA,3
1203,78,2393,SALP,20
1203,78,2468,THETYS SALP,6
1203,79,2058,PYROSOMA,12
1203,79,2393,SALP,1717
1203,80,2058,PYROSOMA,11
1203,80,2393,SALP,1008
1203,80,2468,THETYS SALP,6
1203,81,2058,PYROSOMA,33
1203,81,2393,SALP,233
1203,81,2468,THETYS SALP,8
1203,82,2058,PYROSOMA,189
1203,82,2393,SALP,2607
1203,82,2468,THETYS SALP,5
1203,83,2058,PYROSOMA,71
1203,83,2393,SALP,2217
1203,83,2468,THETYS SALP,63
1203,84,2058,PYROSOMA,5
1203,84,2393,SALP,5
1203,85,2058,PYROSOMA,2
1203,86,1766,SEA NETTLE,17
1203,87,1766,SEA NETTLE,5
1203,88,2393,SALP,138
1203,88,2468,THETYS SALP,138
1203,89,1766,SEA NETTLE,2
1203,89,2393,SALP,6
1203,90,2058,PYROSOMA,18
1203,90,2393,SALP,228
1203,90,2468,THETYS SALP,54
1203,91,2058,PYROSOMA,65
1203,91,2393,SALP,3038
1203,91,2468,THETYS SALP,18
1203,92,1766,SEA NETTLE,3
1203,92,2058,PYROSOMA,333
1203,92,2393,SALP,1488
1203,92,2468,THETYS SALP,26
1203,93,2393,SALP,38
1203,93,2468,THETYS SALP,8
1203,94,2058,PYROSOMA,38
1203,94,2393,SALP,179
1203,95,2058,PYROSOMA,20
1203,95,2393,SALP,4032
1203,95,2468,THETYS SALP,66
1203,96,2058,PYROSOMA,122
1203,96,2393,SALP,1917
1203,96,2468,THETYS SALP,14
1203,97,2058,PYROSOMA,182
1203,97,2393,SALP,3726
1203,97,2468,THETYS SALP,389
1203,98,1766,SEA NETTLE,2
1203,98,2058,PYROSOMA,8
1203,98,2393,SALP,57
1203,98,2468,THETYS SALP,14
1203,99,2393,SALP,99
1203,99,2468,THETYS SALP,2
1203,99,2839,PURPLE-STRIPED JELLY,2
1203,100,2058,PYROSOMA,48
1203,100,2393,SALP,2371
1203,100,2468,THETYS SALP,8
1203,101,2058,PYROSOMA,41
1203,101,2393,SALP,2221
1203,101,2468,THETYS SALP,6
1203,102,2058,PYROSOMA,54
1203,102,2393,SALP,1200
1203,102,2468,THETYS SALP,2
1305,3,2393,SALP,41
1305,4,2468,THETYS SALP,48
1305,5,2058,PYROSOMA,9
1305,6,2468,THETYS SALP,2
1305,7,2058,PYROSOMA,15
1305,7,2393,SALP,8
1305,8,2058,PYROSOMA,2
1305,10,2393,SALP,99
1305,11,2393,SALP,19
1305,12,2393,SALP,38
1305,14,2058,PYROSOMA,27
1305,14,2393,SALP,9
1305,16,2393,SALP,9
1305,17,2468,THETYS SALP,43
1305,20,2058,PYROSOMA,1
1305,20,2393,SALP,33
1305,20,2468,THETYS SALP,33
1305,21,1766,SEA NETTLE,65
1305,22,1766,SEA NETTLE,264
1305,23,1766,SEA NETTLE,12
1305,27,2058,PYROSOMA,1
1305,27,2468,THETYS SALP,220
1305,28,2468,THETYS SALP,13
1305,29,2468,THETYS SALP,221
1305,30,2468,THETYS SALP,484
1305,31,2058,PYROSOMA,1
1305,31,2468,THETYS SALP,900
1305,32,2468,THETYS SALP,19
1305,33,2393,SALP,4
1305,33,2468,THETYS SALP,920
1305,34,2393,SALP,45
1305,34,2468,THETYS SALP,259
1305,36,2058,PYROSOMA,10
1305,37,2058,PYROSOMA,2
1305,38,2058,PYROSOMA,3
1305,38,2393,SALP,1
1305,38,2468,THETYS SALP,1
1305,39,2058,PYROSOMA,4
1305,41,2840,MOON JELLY,1
1305,42,2058,PYROSOMA,2
1305,42,2393,SALP,42
1305,42,2468,THETYS SALP,3
1305,44,2058,PYROSOMA,2
1305,44,2840,MOON JELLY,2
1305,45,2058,PYROSOMA,2
1305,45,2840,MOON JELLY,1
1305,46,2839,PURPLE-STRIPED JELLY,1
1305,47,1766,SEA NETTLE,8
1305,47,2840,MOON JELLY,10
1305,48,2058,PYROSOMA,4
1305,50,2058,PYROSOMA,1
1305,50,2393,SALP,2
1305,50,2468,THETYS SALP,22
1305,51,2058,PYROSOMA,5
1305,55,2468,THETYS SALP,5
1305,56,1766,SEA NETTLE,1
1305,56,2468,THETYS SALP,266
1305,58,2468,THETYS SALP,136
1305,61,2058,PYROSOMA,4
1305,61,2393,SALP,2
1305,61,2468,THETYS SALP,37
1305,65,2393,SALP,2
1305,65,2468,THETYS SALP,71
1305,66,2468,THETYS SALP,254
1305,68,2468,THETYS SALP,210
1305,69,2058,PYROSOMA,3
1305,70,2058,PYROSOMA,1
1305,71,2058,PYROSOMA,2
1305,72,1766,SEA NETTLE,6
1305,72,2058,PYROSOMA,2
1305,72,2840,MOON JELLY,3
1305,73,2058,PYROSOMA,3
1305,73,2468,THETYS SALP,8
1305,74,2058,PYROSOMA,18
1305,74,2468,THETYS SALP,76
1305,75,2058,PYROSOMA,5
1305,75,2468,THETYS SALP,151
1305,76,1766,SEA NETTLE,14
1305,84,2058,PYROSOMA,19
1305,84,2393,SALP,42
1305,84,2468,THETYS SALP,17
1305,85,2058,PYROSOMA,16
1305,86,2393,SALP,228
1305,87,2058,PYROSOMA,1
1305,87,2393,SALP,21
1305,89,2058,PYROSOMA,5
1305,89,2468,THETYS SALP,40
1305,90,2058,PYROSOMA,10
1305,90,2393,SALP,82
1305,90,2468,THETYS SALP,8
1305,91,2058,PYROSOMA,6
1305,92,2058,PYROSOMA,3
1305,92,2393,SALP,16
1305,93,2058,PYROSOMA,10
1305,94,2058,PYROSOMA,3
1305,94,2393,SALP,130
1305,95,2058,PYROSOMA,14
1305,95,2393,SALP,129
1305,96,2058,PYROSOMA,23
1305,96,2393,SALP,117
1305,97,2058,PYROSOMA,28
1305,97,2393,SALP,77
1305,98,2058,PYROSOMA,17
1305,98,2393,SALP,990
1305,99,2393,SALP,266
1305,99,2839,PURPLE-STRIPED JELLY,1
1305,100,1869,HETEROPOD,3
1305,100,2058,PYROSOMA,3
1305,100,2393,SALP,16
1305,101,1869,HETEROPOD,3
1305,101,2058,PYROSOMA,38
1305,101,2393,SALP,140
1305,102,1869,HETEROPOD,4
1305,102,2058,PYROSOMA,148
1305,102,2393,SALP,48
1305,103,2058,PYROSOMA,3
1305,103,2393,SALP,10
1305,104,2058,PYROSOMA,10
1305,105,2058,PYROSOMA,1
1305,105,2393,SALP,17
1305,106,2058,PYROSOMA,116
1305,106,2393,SALP,72
1305,107,1869,HETEROPOD,1
1305,107,2058,PYROSOMA,17
1305,107,2393,SALP,2940
1305,108,1869,HETEROPOD,1
1305,108,2058,PYROSOMA,27
1305,108,2393,SALP,150
1305,109,1869,HETEROPOD,1
1305,109,2058,PYROSOMA,31
1305,109,2393,SALP,388
1305,110,2058,PYROSOMA,3
1305,110,2393,SALP,165
1305,111,2058,PYROSOMA,11
1305,111,2393,SALP,54
1305,112,1869,HETEROPOD,1
1305,112,2058,PYROSOMA,1
1305,112,2393,SALP,352
1305,113,2058,PYROSOMA,54
1305,114,2058,PYROSOMA,10
1305,116,2058,PYROSOMA,2
1305,116,2393,SALP,48
1305,117,2468,THETYS SALP,45
1305,117,2840,MOON JELLY,1
1305,118,2468,THETYS SALP,7
1305,119,2058,PYROSOMA,3
1305,119,2393,SALP,13
1305,119,2468,THETYS SALP,2
1305,120,1869,HETEROPOD,1
1305,120,2058,PYROSOMA,6
1305,120,2468,THETYS SALP,82
1305,121,2058,PYROSOMA,13
1305,121,2393,SALP,152
1305,121,2468,THETYS SALP,28
1305,123,2468,THETYS SALP,12
1305,125,1869,HETEROPOD,6
1305,125,2468,THETYS SALP,4
1305,126,2058,PYROSOMA,1
1305,126,2468,THETYS SALP,98
1305,127,2468,THETYS SALP,16
1305,128,1869,HETEROPOD,1
1305,128,2058,PYROSOMA,1
1305,128,2468,THETYS SALP,20
1305,129,1869,HETEROPOD,1
1305,129,2468,THETYS SALP,200
1305,130,1869,HETEROPOD,2
1305,130,2468,THETYS SALP,12
1305,132,2468,THETYS SALP,168
1305,133,2058,PYROSOMA,1
1305,133,2468,THETYS SALP,14
1305,134,1869,HETEROPOD,4
1305,134,2058,PYROSOMA,1
1305,134,2393,SALP,2
1305,134,2468,THETYS SALP,131
1305,135,1869,HETEROPOD,1
1305,135,2393,SALP,200
1305,135,2468,THETYS SALP,193
1305,137,1869,HETEROPOD,1
1305,137,2468,THETYS SALP,106
1305,138,1869,HETEROPOD,2
1305,138,2393,SALP,69
1305,138,2468,THETYS SALP,292
1305,139,2468,THETYS SALP,496
1305,140,1869,HETEROPOD,1
1305,140,2393,SALP,1
1305,140,2468,THETYS SALP,2
1305,141,2393,SALP,2
1305,142,2468,THETYS SALP,7
1305,143,1869,HETEROPOD,1
1405,1,2058,PYROSOMA,22
1405,1,2393,SALP,15
1405,2,2058,PYROSOMA,99
1405,2,2393,SALP,83
1405,3,2058,PYROSOMA,159
1405,3,2393,SALP,53
1405,4,2058,PYROSOMA,104
1405,4,2393,SALP,275
1405,4,2468,THETYS SALP,75
1405,6,2058,PYROSOMA,22
1405,7,2058,PYROSOMA,40
1405,8,2058,PYROSOMA,26
1405,8,2393,SALP,2
1405,9,2058,PYROSOMA,47
1405,9,2393,SALP,29
1405,10,1869,HETEROPOD,2
1405,10,2058,PYROSOMA,50
1405,10,2393,SALP,2
1405,11,2058,PYROSOMA,24
1405,11,2393,SALP,38
1405,12,2058,PYROSOMA,153
1405,12,2393,SALP,1
1405,13,2058,PYROSOMA,20
1405,13,2393,SALP,4
1405,13,2468,THETYS SALP,5
1405,14,2058,PYROSOMA,180
1405,14,2393,SALP,810
1405,15,1869,HETEROPOD,2
1405,15,2058,PYROSOMA,527
1405,15,2393,SALP,1209
1405,15,2468,THETYS SALP,2
1405,16,1766,SEA NETTLE,23
1405,16,2058,PYROSOMA,1
1405,16,2393,SALP,46
1405,17,1766,SEA NETTLE,2
1405,17,2393,SALP,9
1405,18,2058,PYROSOMA,9
1405,19,1766,SEA NETTLE,3
1405,20,1766,SEA NETTLE,2
1405,20,2393,SALP,3
1405,21,1766,SEA NETTLE,1
1405,21,2058,PYROSOMA,235
1405,21,2393,SALP,2
1405,22,2058,PYROSOMA,11
1405,22,2393,SALP,7
1405,23,2058,PYROSOMA,47
1405,23,2393,SALP,58
1405,24,2058,PYROSOMA,2
1405,24,2393,SALP,338
1405,25,1869,HETEROPOD,1
1405,25,2058,PYROSOMA,193
1405,25,2393,SALP,53
1405,25,2839,PURPLE-STRIPED JELLY,1
1405,26,2058,PYROSOMA,180
1405,27,2393,SALP,30
1405,28,1869,HETEROPOD,7
1405,28,2058,PYROSOMA,416
1405,28,2393,SALP,182
1405,30,1869,HETEROPOD,3
1405,30,2058,PYROSOMA,650
1405,30,2393,SALP,1225
1405,31,1869,HETEROPOD,14
1405,31,2058,PYROSOMA,77
1405,31,2393,SALP,1122
1405,32,1869,HETEROPOD,117
1405,32,2058,PYROSOMA,109
1405,32,2393,SALP,783
1405,35,1869,HETEROPOD,55
1405,35,2058,PYROSOMA,345
1405,35,2393,SALP,228
1405,36,1869,HETEROPOD,68
1405,36,2058,PYROSOMA,946
1405,36,2393,SALP,1632
1405,37,1869,HETEROPOD,14
1405,37,2058,PYROSOMA,3060
1405,37,2393,SALP,1013
1405,38,1869,HETEROPOD,23
1405,38,2058,PYROSOMA,67
1405,38,2393,SALP,306
1405,39,1869,HETEROPOD,25
1405,39,2058,PYROSOMA,291
1405,39,2393,SALP,1540
1405,40,1869,HETEROPOD,160
1405,40,2058,PYROSOMA,42
1405,40,2393,SALP,1152
1405,41,2058,PYROSOMA,429
1405,41,2393,SALP,172
1405,41,2468,THETYS SALP,1
1405,42,2058,PYROSOMA,182
1405,42,2393,SALP,3
1405,42,2468,THETYS SALP,3
1405,43,1869,HETEROPOD,1
1405,43,2058,PYROSOMA,16
1405,43,2393,SALP,1071
1405,44,1869,HETEROPOD,53
1405,44,2393,SALP,159
1405,45,2058,PYROSOMA,3
1405,47,2393,SALP,160
1405,48,2058,PYROSOMA,30
1405,48,2393,SALP,305
1405,49,2058,PYROSOMA,10
1405,49,2393,SALP,5
1405,50,2058,PYROSOMA,251
1405,50,2393,SALP,24
1405,51,2058,PYROSOMA,12
1405,51,2393,SALP,7
1405,52,2058,PYROSOMA,132
1405,52,2393,SALP,638
1405,52,2468,THETYS SALP,51
1405,53,2058,PYROSOMA,46
1405,53,2393,SALP,31
1405,53,2840,MOON JELLY,2
1405,54,2058,PYROSOMA,100
1405,54,2393,SALP,225
1405,55,1766,SEA NETTLE,1
1405,55,2058,PYROSOMA,160
1405,55,2393,SALP,108
1405,56,2058,PYROSOMA,120
1405,56,2393,SALP,26
1405,56,2468,THETYS SALP,5
1405,57,2058,PYROSOMA,30
1405,57,2393,SALP,101
1405,58,1766,SEA NETTLE,6
1405,58,2393,SALP,32
1405,59,1766,SEA NETTLE,8
1405,60,1766,SEA NETTLE,2
1405,60,2058,PYROSOMA,6
1405,60,2840,MOON JELLY,1
1405,61,2058,PYROSOMA,15
1405,61,2393,SALP,40
1405,62,2058,PYROSOMA,14
1405,62,2393,SALP,2
1405,63,1766,SEA NETTLE,54
1405,63,2058,PYROSOMA,3
1405,64,2058,PYROSOMA,14
1405,65,2058,PYROSOMA,5
1405,66,1766,SEA NETTLE,6
1405,66,2058,PYROSOMA,8
1405,66,2393,SALP,20
1405,67,2058,PYROSOMA,161
1405,67,2393,SALP,22
1405,68,2058,PYROSOMA,12
1405,68,2393,SALP,24
1405,70,2058,PYROSOMA,43
1405,70,2393,SALP,714
1405,70,2468,THETYS SALP,2
1405,71,2058,PYROSOMA,2416
1405,71,2393,SALP,1020
1405,71,2468,THETYS SALP,63
1405,72,2058,PYROSOMA,1519
1405,72,2393,SALP,1253
1405,72,2468,THETYS SALP,4
1405,77,2058,PYROSOMA,71
1405,79,2058,PYROSOMA,682
1405,79,2393,SALP,141
1405,80,2058,PYROSOMA,204
1405,80,2393,SALP,12
1405,80,2468,THETYS SALP,2
1405,83,2058,PYROSOMA,9
1405,83,2393,SALP,53
1405,83,2468,THETYS SALP,38
1405,84,2058,PYROSOMA,219
1405,84,2393,SALP,1
1405,84,2468,THETYS SALP,127
1405,85,1766,SEA NETTLE,2
1405,86,2393,SALP,3
1405,87,2058,PYROSOMA,190
1405,87,2393,SALP,22
1405,88,1766,SEA NETTLE,3
1405,88,2058,PYROSOMA,5062
1405,88,2393,SALP,15
1405,89,1766,SEA NETTLE,56
1405,89,2058,PYROSOMA,6
1405,95,2058,PYROSOMA,570
1405,96,2058,PYROSOMA,12
1405,96,2393,SALP,21
1405,97,2393,SALP,1
1405,98,2058,PYROSOMA,3
1405,98,2393,SALP,28
1405,99,2058,PYROSOMA,30
1405,99,2393,SALP,40
1405,100,1869,HETEROPOD,2
1405,100,2058,PYROSOMA,277
1405,100,2393,SALP,700
1405,100,2468,THETYS SALP,2
1405,101,2058,PYROSOMA,65
1405,101,2393,SALP,1
1405,101,2840,MOON JELLY,1
1405,102,2058,PYROSOMA,233
1405,102,2393,SALP,33
1405,103,2058,PYROSOMA,84
1405,103,2393,SALP,232
1405,105,2058,PYROSOMA,249
1405,105,2393,SALP,33
1405,105,2468,THETYS SALP,2
1405,106,2058,PYROSOMA,233
1405,106,2393,SALP,170
1405,107,1766,SEA NETTLE,75
1405,107,2058,PYROSOMA,54
1405,107,2393,SALP,117
1405,107,2468,THETYS SALP,9
1405,107,2840,MOON JELLY,9
1405,108,1766,SEA NETTLE,4
1405,108,2058,PYROSOMA,26
1405,108,2393,SALP,41
1405,108,2468,THETYS SALP,1
1405,109,2058,PYROSOMA,336
1405,109,2393,SALP,878
1405,109,2468,THETYS SALP,6
1405,110,2058,PYROSOMA,423
1405,110,2393,SALP,208
1405,110,2468,THETYS SALP,4
1405,111,2058,PYROSOMA,965
1405,111,2393,SALP,840
1405,111,2468,THETYS SALP,2
1405,112,2058,PYROSOMA,211
1405,112,2393,SALP,515
1405,112,2468,THETYS SALP,3
1405,113,2058,PYROSOMA,281
1405,113,2393,SALP,395
1405,113,2468,THETYS SALP,28
1405,114,2058,PYROSOMA,39
1405,114,2393,SALP,300
1405,114,2468,THETYS SALP,2
1405,115,2058,PYROSOMA,57
1405,115,2393,SALP,164
1405,115,2468,THETYS SALP,1
1405,116,2058,PYROSOMA,9
1405,116,2393,SALP,240
1405,117,2058,PYROSOMA,14
1405,118,2058,PYROSOMA,48
1405,118,2393,SALP,52
1405,119,2058,PYROSOMA,511
1405,119,2393,SALP,44
1405,119,2468,THETYS SALP,4
1405,120,2058,PYROSOMA,18
1405,120,2393,SALP,72
1405,120,2468,THETYS SALP,1
1405,121,2058,PYROSOMA,1
1405,122,2058,PYROSOMA,598
1405,122,2393,SALP,1
1405,122,2468,THETYS SALP,3
1405,123,2058,PYROSOMA,32
1405,124,2058,PYROSOMA,3
1405,125,2058,PYROSOMA,78
1405,125,2393,SALP,8
1405,126,2058,PYROSOMA,810
1405,126,2393,SALP,50
1405,127,2058,PYROSOMA,10
1405,127,2393,SALP,8
1405,128,2058,PYROSOMA,89
1405,128,2393,SALP,360
1405,129,2058,PYROSOMA,77
1405,129,2393,SALP,1520
1405,130,2393,SALP,12
1405,131,2058,PYROSOMA,8
1405,131,2393,SALP,88
1405,131,2468,THETYS SALP,1
1405,132,2058,PYROSOMA,11
1405,134,1766,SEA NETTLE,78
1405,135,1766,SEA NETTLE,2
1405,135,2058,PYROSOMA,5
1405,136,2058,PYROSOMA,16
1405,136,2393,SALP,15
1405,137,1869,HETEROPOD,2
1405,137,2058,PYROSOMA,147
1405,138,2058,PYROSOMA,276
1405,138,2393,SALP,1
1405,139,2058,PYROSOMA,19
1405,139,2393,SALP,3
1405,140,1766,SEA NETTLE,9
1405,141,2058,PYROSOMA,10
1405,142,2058,PYROSOMA,599
1405,142,2393,SALP,65
1405,143,2058,PYROSOMA,320
1405,143,2393,SALP,221
1405,143,2468,THETYS SALP,7
1405,144,2058,PYROSOMA,7
1405,145,2058,PYROSOMA,409
1405,145,2393,SALP,22
1405,146,2058,PYROSOMA,15
1405,146,2393,SALP,29
1405,147,2058,PYROSOMA,1171
1405,147,2393,SALP,24
1405,147,2468,THETYS SALP,34
1405,148,2468,THETYS SALP,8
1405,149,2058,PYROSOMA,2
1405,150,2058,PYROSOMA,5
1405,150,2468,THETYS SALP,24
1405,151,1869,HETEROPOD,1
1405,151,2058,PYROSOMA,524
1405,151,2393,SALP,94
1405,151,2468,THETYS SALP,5
1405,152,2058,PYROSOMA,50
1405,152,2468,THETYS SALP,112
1405,154,2058,PYROSOMA,2
1405,155,2058,PYROSOMA,19
1405,156,2058,PYROSOMA,3
1405,157,2058,PYROSOMA,215
1405,157,2393,SALP,1
1405,157,2468,THETYS SALP,3
1405,158,1869,HETEROPOD,1
1405,158,2058,PYROSOMA,10
1405,158,2468,THETYS SALP,9
1405,159,2058,PYROSOMA,17
1405,159,2468,THETYS SALP,30
1505,3,2058,PYROSOMA,14
1505,4,2058,PYROSOMA,87
1505,4,2393,SALP,24
1505,4,2468,THETYS SALP,16
1505,5,2058,PYROSOMA,419
1505,5,2393,SALP,264
1505,5,2468,THETYS SALP,202
1505,6,2058,PYROSOMA,2481
1505,6,2393,SALP,489
1505,6,2468,THETYS SALP,198
1505,7,2468,THETYS SALP,3
1505,8,1869,HETEROPOD,5
1505,8,2058,PYROSOMA,501
1505,8,2393,SALP,67
1505,8,2468,THETYS SALP,19
1505,9,2058,PYROSOMA,74
1505,9,2393,SALP,104
1505,9,2468,THETYS SALP,37
1505,11,2058,PYROSOMA,46
1505,11,2393,SALP,21
1505,11,2468,THETYS SALP,5
1505,12,2393,SALP,38
1505,12,2468,THETYS SALP,10
1505,13,2058,PYROSOMA,20
1505,13,2393,SALP,1652
1505,13,2468,THETYS SALP,2
1505,14,2058,PYROSOMA,86
1505,14,2393,SALP,513
1505,14,2840,MOON JELLY,1
1505,15,2058,PYROSOMA,145
1505,15,2393,SALP,600
1505,16,2058,PYROSOMA,744
1505,16,2393,SALP,1000
1505,17,2058,PYROSOMA,874
1505,17,2393,SALP,3871
1505,17,2468,THETYS SALP,30
1505,18,2058,PYROSOMA,756
1505,18,2393,SALP,954
1505,19,2058,PYROSOMA,873
1505,19,2393,SALP,1305
1505,19,2468,THETYS SALP,15
1505,20,2058,PYROSOMA,984
1505,20,2393,SALP,688
1505,20,2468,THETYS SALP,10
1505,21,2058,PYROSOMA,1552
1505,21,2393,SALP,609
1505,21,2468,THETYS SALP,5
1505,22,2058,PYROSOMA,6
1505,22,2393,SALP,32
1505,23,2058,PYROSOMA,798
1505,23,2393,SALP,8
1505,23,2468,THETYS SALP,4
1505,24,2058,PYROSOMA,385
1505,24,2393,SALP,70
1505,25,2058,PYROSOMA,1430
1505,25,2393,SALP,924
1505,25,2468,THETYS SALP,44
1505,26,1869,HETEROPOD,10
1505,26,2058,PYROSOMA,10434
1505,26,2393,SALP,24753
1505,26,2468,THETYS SALP,40
1505,27,1869,HETEROPOD,2
1505,27,2058,PYROSOMA,16215
1505,27,2393,SALP,61410
1505,27,2468,THETYS SALP,370
1505,28,2058,PYROSOMA,3696
1505,28,2393,SALP,31284
1505,28,2468,THETYS SALP,72
1505,29,2058,PYROSOMA,1385
1505,29,2393,SALP,6377
1505,30,2058,PYROSOMA,8370
1505,30,2393,SALP,11880
1505,30,2468,THETYS SALP,2
1505,31,1869,HETEROPOD,2
1505,31,2058,PYROSOMA,23
1505,31,2393,SALP,2216
1505,31,2468,THETYS SALP,242
1505,32,2058,PYROSOMA,214
1505,32,2393,SALP,488
1505,32,2468,THETYS SALP,6
1505,33,2058,PYROSOMA,13
1505,33,2393,SALP,37
1505,34,2058,PYROSOMA,17
1505,34,2393,SALP,3
1505,35,2058,PYROSOMA,12
1505,35,2393,SALP,213
1505,35,2468,THETYS SALP,5
1505,36,2058,PYROSOMA,143
1505,36,2393,SALP,120
1505,37,1869,HETEROPOD,28
1505,37,2058,PYROSOMA,683
1505,37,2393,SALP,610
1505,37,2468,THETYS SALP,9
1505,38,1869,HETEROPOD,27
1505,38,2058,PYROSOMA,863
1505,38,2393,SALP,225
1505,39,1869,HETEROPOD,9
1505,39,2058,PYROSOMA,3685
1505,39,2393,SALP,219
1505,40,1869,HETEROPOD,44
1505,40,2058,PYROSOMA,504
1505,40,2393,SALP,126
1505,40,2468,THETYS SALP,229
1505,41,2058,PYROSOMA,2
1505,42,2058,PYROSOMA,465
1505,42,2393,SALP,54
1505,42,2468,THETYS SALP,16
1505,43,2058,PYROSOMA,43
1505,43,2468,THETYS SALP,115
1505,44,2468,THETYS SALP,11
1505,45,1869,HETEROPOD,3
1505,45,2058,PYROSOMA,65
1505,45,2393,SALP,57
1505,45,2468,THETYS SALP,21
1505,46,1869,HETEROPOD,4
1505,46,2058,PYROSOMA,15
1505,46,2393,SALP,34
1505,47,2058,PYROSOMA,23
1505,47,2393,SALP,95
1505,48,1869,HETEROPOD,2
1505,48,2058,PYROSOMA,15
1505,48,2393,SALP,3
1505,49,1869,HETEROPOD,16
1505,49,2058,PYROSOMA,282
1505,49,2393,SALP,188
1505,49,2468,THETYS SALP,2
1505,50,2058,PYROSOMA,3
1505,50,2393,SALP,210
1505,51,2058,PYROSOMA,114
1505,51,2393,SALP,10
1505,52,2058,PYROSOMA,27
1505,52,2393,SALP,1357
1505,52,2468,THETYS SALP,21
1505,53,1869,HETEROPOD,2
1505,53,2058,PYROSOMA,54
1505,53,2393,SALP,3780
1505,53,2468,THETYS SALP,75
1505,54,1869,HETEROPOD,3
1505,54,2058,PYROSOMA,87
1505,54,2393,SALP,5363
1505,54,2468,THETYS SALP,6
1505,55,1869,HETEROPOD,2
1505,55,2058,PYROSOMA,642
1505,55,2393,SALP,13354
1505,55,2468,THETYS SALP,332
1505,56,1869,HETEROPOD,8
1505,56,2058,PYROSOMA,4212
1505,56,2393,SALP,42413
1505,56,2468,THETYS SALP,45
1505,57,2058,PYROSOMA,2289
1505,57,2393,SALP,144
1505,58,2058,PYROSOMA,6383
1505,58,2393,SALP,1380
1505,58,2468,THETYS SALP,89
1505,59,2058,PYROSOMA,8992
1505,59,2393,SALP,23546
1505,59,2468,THETYS SALP,146
1505,60,1869,HETEROPOD,19
1505,60,2058,PYROSOMA,20049
1505,60,2393,SALP,64059
1505,60,2468,THETYS SALP,197
1505,61,1869,HETEROPOD,25
1505,61,2058,PYROSOMA,10431
1505,61,2393,SALP,231966
1505,61,2468,THETYS SALP,195
1505,62,1869,HETEROPOD,7
1505,62,2058,PYROSOMA,1440
1505,62,2393,SALP,87408
1505,62,2468,THETYS SALP,123
1505,63,2058,PYROSOMA,2000
1505,63,2393,SALP,12191
1505,64,2058,PYROSOMA,1215
1505,64,2393,SALP,2520
1505,64,2468,THETYS SALP,3
1505,66,2058,PYROSOMA,41
1505,66,2393,SALP,1440
1505,66,2468,THETYS SALP,5
1505,67,1869,HETEROPOD,2
1505,67,2058,PYROSOMA,705
1505,67,2393,SALP,62061
1505,67,2468,THETYS SALP,12
1505,68,1869,HETEROPOD,3
1505,68,2058,PYROSOMA,7725
1505,68,2393,SALP,44496
1505,68,2468,THETYS SALP,114
1505,69,1869,HETEROPOD,5
1505,69,2058,PYROSOMA,3686
1505,69,2393,SALP,5792
1505,69,2468,THETYS SALP,12
1505,70,2058,PYROSOMA,2592
1505,70,2393,SALP,97
1505,71,2058,PYROSOMA,18
1505,72,2058,PYROSOMA,39
1505,72,2393,SALP,1445
1505,72,2468,THETYS SALP,3
1505,73,1869,HETEROPOD,3
1505,73,2058,PYROSOMA,1386
1505,73,2393,SALP,24371
1505,73,2468,THETYS SALP,258
1505,74,2058,PYROSOMA,47
1505,74,2393,SALP,9
1505,75,2058,PYROSOMA,151
1505,75,2393,SALP,122
1505,76,2058,PYROSOMA,2
1505,77,2468,THETYS SALP,3
1505,78,2393,SALP,153
1505,78,2468,THETYS SALP,15
1505,79,2393,SALP,18
1505,80,1869,HETEROPOD,2
1505,80,2058,PYROSOMA,49
1505,80,2468,THETYS SALP,27
1505,81,2058,PYROSOMA,297
1505,81,2468,THETYS SALP,105
1505,82,1869,HETEROPOD,4
1505,82,2058,PYROSOMA,102
1505,82,2393,SALP,254
1505,82,2468,THETYS SALP,46
1505,83,2058,PYROSOMA,5914
1505,83,2468,THETYS SALP,115
1505,84,2058,PYROSOMA,6
1505,84,2393,SALP,14
1505,84,2468,THETYS SALP,6
1505,85,2058,PYROSOMA,3
1505,85,2393,SALP,7
1505,85,2468,THETYS SALP,93
1505,86,2058,PYROSOMA,187
1505,86,2468,THETYS SALP,128
1505,87,2058,PYROSOMA,600
1505,87,2393,SALP,20
1505,87,2468,THETYS SALP,42
1505,90,2058,PYROSOMA,49
1505,90,2468,THETYS SALP,6
1505,91,2058,PYROSOMA,43
1505,91,2393,SALP,362
1505,91,2468,THETYS SALP,42
1505,92,1869,HETEROPOD,3
1505,92,2058,PYROSOMA,45
1505,92,2468,THETYS SALP,50
1505,93,2468,THETYS SALP,26
1505,94,2393,SALP,1
1505,94,2468,THETYS SALP,29
1505,95,2058,PYROSOMA,64
1505,95,2393,SALP,1
1505,95,2468,THETYS SALP,10
1505,96,1869,HETEROPOD,1
1505,96,2058,PYROSOMA,28
1505,96,2393,SALP,2
1505,96,2468,THETYS SALP,23
1505,97,2058,PYROSOMA,78
1505,97,2393,SALP,8
1505,97,2468,THETYS SALP,21
1505,98,2058,PYROSOMA,9
1505,98,2468,THETYS SALP,5
1505,99,2058,PYROSOMA,704
1505,99,2393,SALP,66
1505,99,2468,THETYS SALP,11
1505,100,2058,PYROSOMA,9961
1505,100,2468,THETYS SALP,50
1505,101,2058,PYROSOMA,6310
1505,101,2393,SALP,34
1505,101,2468,THETYS SALP,50
1505,104,2058,PYROSOMA,15
1505,104,2393,SALP,81
1505,104,2468,THETYS SALP,1
1505,105,2058,PYROSOMA,12
1505,105,2393,SALP,7
1505,105,2468,THETYS SALP,1
1505,106,1869,HETEROPOD,1
1505,106,2058,PYROSOMA,56
1505,106,2393,SALP,1
1505,106,2468,THETYS SALP,10
1505,107,2058,PYROSOMA,1296
1505,107,2393,SALP,874
1505,107,2468,THETYS SALP,33
1505,108,2058,PYROSOMA,27
1505,108,2393,SALP,21
1505,108,2468,THETYS SALP,3
1505,109,2058,PYROSOMA,49
1505,109,2393,SALP,160
1505,109,2468,THETYS SALP,2
1505,110,1869,HETEROPOD,1
1505,110,2058,PYROSOMA,13
1505,110,2393,SALP,55
1505,110,2468,THETYS SALP,2
1505,111,2058,PYROSOMA,742
1505,111,2393,SALP,795
1505,111,2468,THETYS SALP,4
1505,112,1869,HETEROPOD,3
1505,112,2058,PYROSOMA,1515
1505,112,2393,SALP,15807
1505,112,2468,THETYS SALP,197
1505,113,1869,HETEROPOD,5
1505,113,2058,PYROSOMA,4829
1505,113,2393,SALP,28305
1505,113,2468,THETYS SALP,92
1505,114,1869,HETEROPOD,2
1505,114,2058,PYROSOMA,2352
1505,114,2393,SALP,9870
1505,114,2468,THETYS SALP,532
1505,115,1869,HETEROPOD,2
1505,115,2058,PYROSOMA,2942
1505,115,2393,SALP,17150
1505,115,2468,THETYS SALP,29
1505,116,2058,PYROSOMA,648
1505,116,2393,SALP,2733
1505,116,2468,THETYS SALP,30
1505,117,2058,PYROSOMA,516
1505,117,2393,SALP,1158
1505,117,2468,THETYS SALP,6
1505,118,2058,PYROSOMA,468
1505,118,2393,SALP,2412
1505,118,2468,THETYS SALP,3
1505,119,2058,PYROSOMA,1054
1505,119,2393,SALP,3348
1505,120,2058,PYROSOMA,1580
1505,120,2393,SALP,16403
1505,120,2468,THETYS SALP,195
1505,121,2058,PYROSOMA,36
1505,121,2393,SALP,7548
1505,121,2468,THETYS SALP,227
1505,122,2393,SALP,483
1505,123,2058,PYROSOMA,9
1505,123,2393,SALP,24
1505,124,2058,PYROSOMA,15
1505,124,2393,SALP,2867
1505,124,2468,THETYS SALP,23
1505,125,2058,PYROSOMA,4
1505,125,2393,SALP,1964
1505,125,2468,THETYS SALP,16
1505,126,2058,PYROSOMA,5
1505,126,2468,THETYS SALP,3
1505,128,2393,SALP,54
1505,129,2058,PYROSOMA,21
1505,129,2468,THETYS SALP,26
1505,130,2058,PYROSOMA,12
1505,130,2393,SALP,69
1505,130,2468,THETYS SALP,50
1505,131,1869,HETEROPOD,79
1505,131,2058,PYROSOMA,3
1505,131,2393,SALP,27
1505,131,2468,THETYS SALP,48
1505,132,1869,HETEROPOD,42
1505,132,2058,PYROSOMA,108
1505,132,2393,SALP,42
1505,133,1869,HETEROPOD,29
1505,133,2058,PYROSOMA,202
1505,133,2393,SALP,101
1505,133,2468,THETYS SALP,3
1505,134,1869,HETEROPOD,3
1505,134,2058,PYROSOMA,62
1505,134,2393,SALP,45
1505,134,2468,THETYS SALP,2
1505,135,2058,PYROSOMA,50
1505,139,2058,PYROSOMA,5
1505,139,2393,SALP,74
1505,140,1869,HETEROPOD,2
1505,140,2058,PYROSOMA,600
1505,140,2393,SALP,60
1505,140,2468,THETYS SALP,60
1505,141,1869,HETEROPOD,5
1505,141,2058,PYROSOMA,23
1505,141,2393,SALP,68
1505,142,2393,SALP,29
1505,142,2468,THETYS SALP,3
1505,143,1869,HETEROPOD,6
1505,143,2058,PYROSOMA,2325
1505,143,2393,SALP,4631
1505,143,2468,THETYS SALP,20
1505,144,2058,PYROSOMA,51
1505,144,2393,SALP,17
1505,144,2468,THETYS SALP,2
1505,145,2058,PYROSOMA,6
1505,146,2058,PYROSOMA,3
1505,146,2393,SALP,9
1505,147,1869,HETEROPOD,2
1505,147,2058,PYROSOMA,3
1505,147,2393,SALP,103
1505,147,2839,PURPLE-STRIPED JELLY,2
1505,148,2058,PYROSOMA,1
1505,148,2393,SALP,37
1505,149,2058,PYROSOMA,475
1505,149,2393,SALP,693
1505,149,2468,THETYS SALP,41
1505,150,1869,HETEROPOD,3
1505,150,2058,PYROSOMA,357
1505,150,2393,SALP,21
1505,150,2468,THETYS SALP,39
1505,151,2058,PYROSOMA,26
1505,151,2393,SALP,292
1505,152,1869,HETEROPOD,2
1505,152,2058,PYROSOMA,3
1505,152,2393,SALP,82
1505,153,2058,PYROSOMA,216
1505,153,2393,SALP,4046
1505,154,2058,PYROSOMA,462
1505,154,2393,SALP,6594
1505,155,1869,HETEROPOD,8
1505,155,2058,PYROSOMA,2205
1505,155,2393,SALP,40572
1505,155,2468,THETYS SALP,76
1505,156,1869,HETEROPOD,5
1505,156,2058,PYROSOMA,4305
1505,156,2393,SALP,23940
1505,156,2468,THETYS SALP,95
1505,157,2058,PYROSOMA,3108
1505,157,2393,SALP,10458
1505,158,1766,SEA NETTLE,15
1505,158,2058,PYROSOMA,2181
1505,158,2393,SALP,2608
1505,159,1766,SEA NETTLE,53
1505,159,1869,HETEROPOD,2
1505,159,2058,PYROSOMA,192
1505,159,2393,SALP,5171
1505,159,2468,THETYS SALP,62
1505,160,1869,HETEROPOD,2
1505,160,2058,PYROSOMA,391
1505,160,2393,SALP,136
1505,160,2468,THETYS SALP,93
1505,161,1869,HETEROPOD,5
1505,161,2058,PYROSOMA,1110
1505,161,2393,SALP,76
1505,161,2468,THETYS SALP,91
1505,162,2058,PYROSOMA,2781
1505,162,2393,SALP,25365
1505,162,2468,THETYS SALP,1294
1505,163,2058,PYROSOMA,1663
1505,163,2393,SALP,14438
1505,163,2468,THETYS SALP,52
1505,164,1869,HETEROPOD,2
1505,164,2058,PYROSOMA,5222
1505,164,2393,SALP,6453
1505,164,2468,THETYS SALP,241
1505,165,2058,PYROSOMA,5757
1505,165,2393,SALP,6213
1505,165,2468,THETYS SALP,3
1505,166,2058,PYROSOMA,324
1505,166,2393,SALP,162
1505,166,2468,THETYS SALP,63
1505,166,2839,PURPLE-STRIPED JELLY,2
1505,167,2058,PYROSOMA,32392
1505,167,2393,SALP,7598
1505,167,2468,THETYS SALP,90
1505,168,1869,HETEROPOD,3
1505,168,2058,PYROSOMA,17172
1505,168,2393,SALP,3435
1505,168,2468,THETYS SALP,211
1603,1,2058,PYROSOMA,2
1603,1,2393,SALP,17
1603,1,2468,THETYS SALP,9
1603,2,2050,CARINARIA,18
1603,2,2058,PYROSOMA,75
1603,2,2393,SALP,12
1603,2,2468,THETYS SALP,96
1603,3,2468,THETYS SALP,165
1603,4,2468,THETYS SALP,21
1603,5,2058,PYROSOMA,2
1603,5,2468,THETYS SALP,92
1603,6,2058,PYROSOMA,15
1603,6,2393,SALP,54
1603,7,2468,THETYS SALP,3
1603,8,2058,PYROSOMA,198
1603,8,2468,THETYS SALP,3
1603,9,2050,CARINARIA,5
1603,9,2058,PYROSOMA,224
1603,9,2468,THETYS SALP,227
1603,10,2050,CARINARIA,24
1603,10,2058,PYROSOMA,5377
1603,10,2393,SALP,321
1603,10,2468,THETYS SALP,142
1603,11,2050,CARINARIA,11
1603,11,2058,PYROSOMA,3596
1603,11,2393,SALP,399
1603,11,2468,THETYS SALP,184
1603,12,2393,SALP,3
1603,12,2840,MOON JELLY,6
1603,13,2058,PYROSOMA,2
1603,13,2468,THETYS SALP,2
1603,14,2050,CARINARIA,3
1603,14,2058,PYROSOMA,3819
1603,14,2393,SALP,401
1603,14,2468,THETYS SALP,325
1603,15,2058,PYROSOMA,22410
1603,15,2393,SALP,5490
1603,15,2468,THETYS SALP,198
1603,16,2050,CARINARIA,8
1603,16,2058,PYROSOMA,8468
1603,16,2393,SALP,559
1603,16,2468,THETYS SALP,338
1603,17,2050,CARINARIA,23
1603,17,2058,PYROSOMA,9068
1603,17,2393,SALP,428
1603,17,2468,THETYS SALP,495
1603,18,2050,CARINARIA,3
1603,18,2058,PYROSOMA,1655
1603,18,2393,SALP,195
1603,18,2468,THETYS SALP,57
1603,19,2050,CARINARIA,8
1603,19,2058,PYROSOMA,4961
1603,19,2393,SALP,156
1603,19,2468,THETYS SALP,437
1603,20,2050,CARINARIA,2
1603,20,2058,PYROSOMA,11172
1603,20,2393,SALP,110
1603,20,2468,THETYS SALP,183
1603,21,2050,CARINARIA,2
1603,21,2058,PYROSOMA,89
1603,21,2468,THETYS SALP,94
1603,22,2050,CARINARIA,11
1603,22,2058,PYROSOMA,72
1603,22,2393,SALP,513
1603,22,2468,THETYS SALP,18
1603,23,2050,CARINARIA,5
1603,23,2058,PYROSOMA,1289
1603,23,2393,SALP,47
1603,23,2468,THETYS SALP,38
1603,24,2058,PYROSOMA,4092
1603,24,2393,SALP,231
1603,24,2468,THETYS SALP,42
1603,25,2058,PYROSOMA,1154
1603,25,2393,SALP,86
1603,25,2468,THETYS SALP,228
1603,26,2050,CARINARIA,2
1603,26,2058,PYROSOMA,24
1603,26,2393,SALP,1967
1603,26,2468,THETYS SALP,727
1603,27,2050,CARINARIA,6
1603,27,2058,PYROSOMA,488
1603,27,2393,SALP,39
1603,27,2468,THETYS SALP,137
1603,28,2050,CARINARIA,5
1603,28,2058,PYROSOMA,4388
1603,28,2393,SALP,269
1603,28,2468,THETYS SALP,464
1603,29,2050,CARINARIA,3
1603,29,2058,PYROSOMA,1048
1603,29,2393,SALP,857
1603,29,2468,THETYS SALP,286
1603,30,2050,CARINARIA,2
1603,30,2058,PYROSOMA,731
1603,30,2393,SALP,34
1603,31,2050,CARINARIA,27
1603,31,2058,PYROSOMA,16560
1603,31,2393,SALP,297
1603,31,2468,THETYS SALP,54
1603,32,2050,CARINARIA,3
1603,32,2058,PYROSOMA,11985
1603,32,2393,SALP,956
1603,32,2468,THETYS SALP,2
1603,33,2050,CARINARIA,9
1603,33,2058,PYROSOMA,843
1603,33,2393,SALP,766
1603,33,2468,THETYS SALP,12
1603,34,2050,CARINARIA,6
1603,34,2058,PYROSOMA,656
1603,34,2393,SALP,656
1603,34,2468,THETYS SALP,27
1603,34,2853,PTEROTRACHEA,6
1603,35,2058,PYROSOMA,30
1603,36,2050,CARINARIA,2
1603,36,2058,PYROSOMA,1500
1603,36,2393,SALP,137
1603,36,2468,THETYS SALP,3
1603,36,2853,PTEROTRACHEA,2
1603,37,2050,CARINARIA,3
1603,37,2058,PYROSOMA,276
1603,37,2393,SALP,54
1603,37,2468,THETYS SALP,2
1603,37,2853,PTEROTRACHEA,2
1603,38,2050,CARINARIA,2
1603,38,2058,PYROSOMA,22
1603,38,2393,SALP,5
1603,39,2058,PYROSOMA,3
1603,39,2393,SALP,27
1603,40,2058,PYROSOMA,12
1603,40,2393,SALP,6
1603,42,2393,SALP,32
1603,43,2393,SALP,2
1603,43,2468,THETYS SALP,12
1603,44,2058,PYROSOMA,5
1603,44,2468,THETYS SALP,3
1603,45,2393,SALP,2
1603,46,2058,PYROSOMA,2
1603,46,2393,SALP,18
1603,47,2468,THETYS SALP,3
1603,48,2058,PYROSOMA,2
1603,49,2050,CARINARIA,8
1603,49,2058,PYROSOMA,13493
1603,49,2393,SALP,833
1603,49,2468,THETYS SALP,14
1603,49,2853,PTEROTRACHEA,5
1603,50,2050,CARINARIA,2
1603,50,2058,PYROSOMA,5424
1603,50,2393,SALP,289
1603,50,2468,THETYS SALP,7
1603,50,2853,PTEROTRACHEA,2
1603,51,2050,CARINARIA,2
1603,51,2058,PYROSOMA,2640
1603,51,2393,SALP,86
1603,51,2468,THETYS SALP,83
1603,51,2853,PTEROTRACHEA,2
1603,52,2468,THETYS SALP,12
1603,52,2853,PTEROTRACHEA,2
1603,53,2050,CARINARIA,3
1603,53,2058,PYROSOMA,648
1603,53,2393,SALP,419
1603,54,2050,CARINARIA,2
1603,54,2058,PYROSOMA,205
1603,54,2393,SALP,26
1603,55,2058,PYROSOMA,32
1603,55,2468,THETYS SALP,2
1603,56,2058,PYROSOMA,135
1603,56,2393,SALP,14
1603,56,2468,THETYS SALP,20
1603,57,2050,CARINARIA,1
1603,57,2058,PYROSOMA,81
1603,57,2393,SALP,11
1603,57,2468,THETYS SALP,13
1603,58,2058,PYROSOMA,37
1603,58,2393,SALP,21
1603,58,2468,THETYS SALP,135
1603,59,2050,CARINARIA,8
1603,59,2058,PYROSOMA,9504
1603,59,2393,SALP,144
1603,59,2468,THETYS SALP,86
1603,60,2058,PYROSOMA,3875
1603,60,2393,SALP,90
1603,60,2468,THETYS SALP,330
1603,61,2050,CARINARIA,3
1603,61,2058,PYROSOMA,2931
1603,61,2468,THETYS SALP,3
1603,61,2840,MOON JELLY,5
1603,62,2050,CARINARIA,2
1603,62,2058,PYROSOMA,1161
1603,62,2393,SALP,2
1603,62,2468,THETYS SALP,21
1603,63,2058,PYROSOMA,175
1603,63,2393,SALP,3
1603,63,2468,THETYS SALP,76
1603,64,2058,PYROSOMA,705
1603,64,2393,SALP,132
1603,64,2468,THETYS SALP,60
1603,65,2050,CARINARIA,6
1603,65,2058,PYROSOMA,7830
1603,65,2393,SALP,263
1603,65,2468,THETYS SALP,77
1603,66,2058,PYROSOMA,759
1603,66,2393,SALP,215
1603,66,2468,THETYS SALP,6
1603,67,2050,CARINARIA,8
1603,67,2058,PYROSOMA,36
1603,67,2393,SALP,41
1603,67,2468,THETYS SALP,26
1603,69,2050,CARINARIA,2
1603,69,2058,PYROSOMA,699
1603,69,2468,THETYS SALP,17
1603,70,2050,CARINARIA,3
1603,70,2058,PYROSOMA,3480
1603,70,2393,SALP,30
1603,70,2468,THETYS SALP,89
1603,71,2050,CARINARIA,2
1603,71,2058,PYROSOMA,906
1603,71,2468,THETYS SALP,86
1603,72,2050,CARINARIA,1
1603,72,2058,PYROSOMA,140
1603,72,2468,THETYS SALP,59
1603,73,2058,PYROSOMA,54
1603,73,2393,SALP,5
1603,73,2468,THETYS SALP,81
1603,74,2058,PYROSOMA,88
1603,74,2468,THETYS SALP,8
1603,75,2058,PYROSOMA,260
1603,75,2393,SALP,13
1603,75,2468,THETYS SALP,32
1603,75,2840,MOON JELLY,1
1603,76,2058,PYROSOMA,346
1603,76,2393,SALP,18
1603,76,2468,THETYS SALP,236
1603,77,2058,PYROSOMA,73
1603,77,2468,THETYS SALP,23
1603,78,2058,PYROSOMA,446
1603,78,2393,SALP,14
1603,78,2468,THETYS SALP,126
1603,79,2050,CARINARIA,1
1603,79,2058,PYROSOMA,113
1603,79,2468,THETYS SALP,149
1603,80,2058,PYROSOMA,9
1603,80,2393,SALP,9
1603,80,2468,THETYS SALP,14
1603,81,2050,CARINARIA,2
1603,81,2058,PYROSOMA,4
1603,81,2393,SALP,17
1603,81,2468,THETYS SALP,86
1603,81,2840,MOON JELLY,1
1603,82,2058,PYROSOMA,1
1603,82,2468,THETYS SALP,4
1603,83,2050,CARINARIA,1
1603,83,2058,PYROSOMA,52
1603,83,2393,SALP,7
1603,83,2468,THETYS SALP,48
1603,84,2050,CARINARIA,1
1603,84,2058,PYROSOMA,397
1603,84,2393,SALP,295
1603,84,2468,THETYS SALP,182
1603,85,2058,PYROSOMA,4008
1603,85,2393,SALP,296
1603,85,2468,THETYS SALP,1264
1603,87,2058,PYROSOMA,437
1603,87,2393,SALP,3
1603,87,2468,THETYS SALP,177
1603,88,2393,SALP,2
1603,88,2468,THETYS SALP,15
1603,90,2058,PYROSOMA,405
1603,90,2393,SALP,68
1603,90,2468,THETYS SALP,32
1603,91,2058,PYROSOMA,33
1603,91,2393,SALP,7
1603,94,2058,PYROSOMA,7
1603,94,2468,THETYS SALP,16
1603,95,2058,PYROSOMA,61
1603,95,2393,SALP,1
1603,95,2468,THETYS SALP,33
1603,96,2058,PYROSOMA,369
1603,96,2468,THETYS SALP,72
1603,97,2050,CARINARIA,1
1603,97,2058,PYROSOMA,258
1603,97,2393,SALP,25
1603,97,2468,THETYS SALP,111
1603,97,2840,MOON JELLY,1
1603,98,2050,CARINARIA,1
1603,98,2058,PYROSOMA,653
1603,98,2393,SALP,68
1603,98,2468,THETYS SALP,29
1603,98,2840,MOON JELLY,1
1603,99,2468,THETYS SALP,32
1603,100,2058,PYROSOMA,14
1603,100,2468,THETYS SALP,155
1603,101,2050,CARINARIA,1
1603,101,2058,PYROSOMA,11
1603,101,2393,SALP,154
1603,101,2468,THETYS SALP,10
1603,102,2050,CARINARIA,1
1603,102,2058,PYROSOMA,203
1603,102,2393,SALP,4
1603,102,2468,THETYS SALP,16
1603,103,2058,PYROSOMA,195
1603,103,2393,SALP,9
1603,103,2468,THETYS SALP,117
1603,104,2058,PYROSOMA,100
1603,104,2393,SALP,60
1603,104,2468,THETYS SALP,7
1603,105,2058,PYROSOMA,20
1603,105,2393,SALP,28
1603,105,2468,THETYS SALP,44
1603,106,2058,PYROSOMA,801
1603,106,2393,SALP,10
1603,106,2468,THETYS SALP,18
1603,107,2058,PYROSOMA,1694
1603,107,2393,SALP,9
1603,107,2468,THETYS SALP,30
1603,108,2058,PYROSOMA,5990
1603,108,2393,SALP,37
1603,108,2468,THETYS SALP,48
1603,109,2058,PYROSOMA,18
1603,109,2393,SALP,1
1603,109,2468,THETYS SALP,10
1603,110,2058,PYROSOMA,20
1603,110,2468,THETYS SALP,13
1603,111,2058,PYROSOMA,4960
1603,111,2468,THETYS SALP,110
1603,112,2050,CARINARIA,1
1603,112,2058,PYROSOMA,834
1603,112,2393,SALP,90
1603,112,2468,THETYS SALP,14
1603,113,2050,CARINARIA,1
1603,113,2058,PYROSOMA,1087
1603,113,2393,SALP,121
1603,113,2468,THETYS SALP,449
1603,114,2058,PYROSOMA,843
1603,114,2393,SALP,150
1603,114,2468,THETYS SALP,272
1603,115,2058,PYROSOMA,6100
1603,115,2393,SALP,23
1603,115,2468,THETYS SALP,646
1603,116,2058,PYROSOMA,5
1603,116,2468,THETYS SALP,4
1603,117,2050,CARINARIA,1
1603,117,2058,PYROSOMA,51
1603,118,2058,PYROSOMA,275
1603,118,2393,SALP,5
1603,119,2058,PYROSOMA,817
1603,119,2393,SALP,33
1603,119,2468,THETYS SALP,27
1603,120,2058,PYROSOMA,1257
1603,120,2393,SALP,62
1603,120,2468,THETYS SALP,1248
1603,121,2058,PYROSOMA,1825
1603,121,2468,THETYS SALP,107
1603,121,2840,MOON JELLY,1
1603,121,2853,PTEROTRACHEA,1
1603,122,2050,CARINARIA,1
1603,122,2058,PYROSOMA,2547
1603,122,2393,SALP,23
1603,122,2468,THETYS SALP,103
1603,123,2050,CARINARIA,6
1603,123,2058,PYROSOMA,54174
1603,123,2393,SALP,10
1603,123,2468,THETYS SALP,206
1603,124,2050,CARINARIA,2
1603,124,2058,PYROSOMA,29070
1603,124,2393,SALP,126
1603,124,2468,THETYS SALP,171
1603,125,2050,CARINARIA,1
1603,125,2058,PYROSOMA,114
1603,125,2393,SALP,2
1603,125,2468,THETYS SALP,16
1603,126,2058,PYROSOMA,170
1603,126,2393,SALP,1
1603,126,2468,THETYS SALP,4
1603,127,2058,PYROSOMA,567
1603,127,2468,THETYS SALP,17
1603,128,2058,PYROSOMA,260
1603,128,2468,THETYS SALP,1
1603,129,2058,PYROSOMA,2
1603,130,2058,PYROSOMA,92
1603,132,2393,SALP,2
1603,133,2468,THETYS SALP,1
1603,135,2393,SALP,3
1603,135,2853,PTEROTRACHEA,1
1603,136,2393,SALP,1
1603,136,2468,THETYS SALP,5
1603,137,2393,SALP,1
1603,137,2853,PTEROTRACHEA,1
1603,138,2468,THETYS SALP,1
8303,15,2468,THETYS SALP,35
8303,17,2468,THETYS SALP,1
8303,23,2058,PYROSOMA,100
8303,23,2468,THETYS SALP,100
8303,24,2468,THETYS SALP,50
8303,25,2058,PYROSOMA,1
8303,29,2468,THETYS SALP,2
8303,30,2058,PYROSOMA,1
8303,30,2468,THETYS SALP,5
8303,31,2058,PYROSOMA,1
8303,31,2468,THETYS SALP,30
8303,33,2468,THETYS SALP,50
8303,36,2468,THETYS SALP,4
8303,38,2058,PYROSOMA,1
8303,38,2468,THETYS SALP,45
8303,48,2468,THETYS SALP,2
8303,51,2468,THETYS SALP,21
8303,52,2058,PYROSOMA,1
8303,52,2468,THETYS SALP,2
8303,53,2468,THETYS SALP,1
8303,57,2058,PYROSOMA,1
8303,57,2468,THETYS SALP,4
8303,62,2058,PYROSOMA,1
8303,62,2468,THETYS SALP,1000
8303,63,2468,THETYS SALP,1057
8303,64,2058,PYROSOMA,25
8303,64,2468,THETYS SALP,1052
8303,65,2058,PYROSOMA,3
8303,65,2468,THETYS SALP,1017
8303,66,2468,THETYS SALP,3
8303,67,2058,PYROSOMA,20
8303,67,2468,THETYS SALP,11
8406,7,2058,PYROSOMA,10
8406,31,2058,PYROSOMA,10
8406,31,2468,THETYS SALP,2
8406,32,2058,PYROSOMA,100
8406,33,2058,PYROSOMA,20
8406,33,2468,THETYS SALP,7
8406,43,2058,PYROSOMA,4
8406,43,2468,THETYS SALP,5
8406,47,2058,PYROSOMA,10
8505,3,1869,HETEROPOD,2
8505,3,2468,THETYS SALP,10
8505,5,1869,HETEROPOD,2
8505,5,2468,THETYS SALP,50
8505,6,2468,THETYS SALP,10
8505,7,2468,THETYS SALP,25
8505,18,2468,THETYS SALP,25
8505,24,2468,THETYS SALP,12
8505,35,2468,THETYS SALP,3
8505,41,2468,THETYS SALP,300
8505,43,2468,THETYS SALP,2000
8505,47,2468,THETYS SALP,3000
8505,55,2468,THETYS SALP,100
8505,63,2058,PYROSOMA,1
8505,63,2468,THETYS SALP,3
8505,64,1869,HETEROPOD,2
8505,64,2058,PYROSOMA,1
8505,78,2468,THETYS SALP,5
8505,80,2468,THETYS SALP,3
8505,81,2468,THETYS SALP,2
8505,82,2468,THETYS SALP,1
8505,87,2468,THETYS SALP,1
8505,88,2468,THETYS SALP,1
8505,97,2468,THETYS SALP,4
8505,108,2468,THETYS SALP,4
8505,119,2468,THETYS SALP,2
8505,132,2468,THETYS SALP,2
8608,2,2468,THETYS SALP,2
8608,5,2468,THETYS SALP,15
8608,6,2468,THETYS SALP,8
8608,11,2058,PYROSOMA,1
8608,11,2468,THETYS SALP,20
8608,12,1869,HETEROPOD,12
8608,13,2468,THETYS SALP,2
8608,18,2058,PYROSOMA,1
8608,18,2468,THETYS SALP,8
8608,23,2468,THETYS SALP,1
8608,30,2468,THETYS SALP,2
8608,67,2468,THETYS SALP,1
8608,68,2468,THETYS SALP,24
8608,71,2468,THETYS SALP,8
8608,74,1869,HETEROPOD,1
8608,74,2468,THETYS SALP,12
8608,76,1869,HETEROPOD,1
8608,76,2468,THETYS SALP,3
8608,80,2468,THETYS SALP,2
8608,81,2058,PYROSOMA,1
8608,82,2468,THETYS SALP,100
8608,87,2468,THETYS SALP,12
8608,96,2468,THETYS SALP,2
8608,100,2468,THETYS SALP,100
8608,101,2468,THETYS SALP,200
8608,102,2468,THETYS SALP,12
8608,107,2468,THETYS SALP,1
8608,110,2468,THETYS SALP,3
8608,116,2468,THETYS SALP,4
8703,3,2058,PYROSOMA,3
8703,3,2393,SALP,157
8703,3,2468,THETYS SALP,1
8703,5,2393,SALP,12
8703,6,2393,SALP,800
8703,12,2393,SALP,1
8703,13,2393,SALP,400
8703,13,2468,THETYS SALP,1
8703,14,2393,SALP,210
8703,15,1869,HETEROPOD,1
8703,15,2058,PYROSOMA,2
8703,15,2393,SALP,2112
8703,15,2468,THETYS SALP,28
8703,16,1869,HETEROPOD,1
8703,16,2393,SALP,660
8703,16,2468,THETYS SALP,4
8703,19,2393,SALP,300
8703,25,2393,SALP,524
8703,27,1869,HETEROPOD,2
8703,27,2393,SALP,1120
8703,31,2058,PYROSOMA,1
8703,31,2393,SALP,29
8703,32,2393,SALP,31
8703,32,2468,THETYS SALP,1
8703,39,2393,SALP,704
8703,42,2393,SALP,10
8703,43,1869,HETEROPOD,1
8703,43,2058,PYROSOMA,24
8703,43,2393,SALP,360
8703,44,2058,PYROSOMA,36
8703,44,2393,SALP,510
8703,45,2393,SALP,16
8703,45,2468,THETYS SALP,1
8703,48,2393,SALP,14
8703,49,2393,SALP,7
8703,50,2058,PYROSOMA,48
8703,50,2393,SALP,52
8703,52,2393,SALP,168
8703,52,2468,THETYS SALP,2
8703,58,2393,SALP,220
8703,58,2468,THETYS SALP,7
8703,59,2393,SALP,160
8703,60,2468,THETYS SALP,46
8703,62,1869,HETEROPOD,4
8703,62,2393,SALP,153
8703,66,2393,SALP,23
8703,67,2393,SALP,9
8703,68,2393,SALP,12
8703,68,2468,THETYS SALP,1
8703,69,2393,SALP,97
8703,71,2393,SALP,21
8703,72,2393,SALP,14
8705,2,2393,SALP,20
8705,2,2468,THETYS SALP,4
8705,3,2468,THETYS SALP,24
8705,4,2468,THETYS SALP,28
8705,5,2468,THETYS SALP,10
8705,6,2393,SALP,50
8705,8,2468,THETYS SALP,20
8705,9,2393,SALP,5
8705,9,2468,THETYS SALP,1
8705,10,2058,PYROSOMA,3
8705,13,2468,THETYS SALP,6
8705,15,2468,THETYS SALP,38
8705,16,2468,THETYS SALP,12
8705,19,2058,PYROSOMA,2
8705,19,2468,THETYS SALP,3
8705,21,2393,SALP,143
8705,21,2468,THETYS SALP,13
8705,23,2393,SALP,200
8705,23,2468,THETYS SALP,56
8705,26,2393,SALP,2
8705,26,2468,THETYS SALP,1
8705,27,2393,SALP,50
8705,32,2468,THETYS SALP,56
8705,33,2393,SALP,500
8705,40,2393,SALP,200
8705,45,2393,SALP,37
8705,45,2468,THETYS SALP,5
8705,46,2468,THETYS SALP,12
8705,54,2393,SALP,5000
8705,56,2468,THETYS SALP,1
8705,57,2393,SALP,70
8705,58,2393,SALP,1000
8705,58,2468,THETYS SALP,4
8705,59,2468,THETYS SALP,3
8705,64,1869,HETEROPOD,1
8705,64,2468,THETYS SALP,32
8705,65,2468,THETYS SALP,66
8705,69,2468,THETYS SALP,9
8705,70,2468,THETYS SALP,16
8705,71,2468,THETYS SALP,50
8705,73,2468,THETYS SALP,8
8705,75,2468,THETYS SALP,13
8705,76,1869,HETEROPOD,1
8705,76,2468,THETYS SALP,3
8705,83,2468,THETYS SALP,220
8705,86,2468,THETYS SALP,5
8705,88,2468,THETYS SALP,7
8705,92,2468,THETYS SALP,17
8705,93,1869,HETEROPOD,4
8705,95,2468,THETYS SALP,26
8705,101,2393,SALP,50
8705,114,2393,SALP,12
8705,116,2468,THETYS SALP,9
8705,125,2468,THETYS SALP,4
8705,127,2468,THETYS SALP,1
8705,143,2468,THETYS SALP,1
8705,147,2468,THETYS SALP,1
8705,152,2468,THETYS SALP,2
8705,158,2468,THETYS SALP,1
8705,162,2468,THETYS SALP,10
8705,165,2468,THETYS SALP,18
8705,166,2468,THETYS SALP,7
8705,167,2393,SALP,12
8705,171,2468,THETYS SALP,1
8705,172,2468,THETYS SALP,6
8705,175,2393,SALP,5
8705,177,2468,THETYS SALP,14
8705,186,2468,THETYS SALP,1
8705,194,2393,SALP,11
8705,194,2468,THETYS SALP,6
8705,195,2468,THETYS SALP,2
8705,196,2468,THETYS SALP,2
8705,206,1869,HETEROPOD,2
8705,206,2468,THETYS SALP,2
8804,3,1869,HETEROPOD,4
8804,4,1869,HETEROPOD,1
8804,5,1869,HETEROPOD,4
8804,7,1869,HETEROPOD,2
8804,19,1869,HETEROPOD,7
8804,22,1869,HETEROPOD,22
8804,27,1869,HETEROPOD,1
8804,29,1869,HETEROPOD,4
8804,31,1869,HETEROPOD,1
8804,37,2058,PYROSOMA,50
8804,41,1869,HETEROPOD,1
8804,41,2058,PYROSOMA,50
8804,43,1869,HETEROPOD,1
8804,46,2058,PYROSOMA,25
8806,14,2393,SALP,1
8806,14,2468,THETYS SALP,1
8806,40,2058,PYROSOMA,3
8806,49,2468,THETYS SALP,30
8806,53,2058,PYROSOMA,3
8806,53,2393,SALP,506
8806,70,2393,SALP,25
8806,95,2393,SALP,10
8806,132,2393,SALP,6
8806,134,2393,SALP,213
8806,135,2393,SALP,75
8806,137,2393,SALP,179
8806,141,2393,SALP,150
8806,141,2468,THETYS SALP,1
8806,142,2393,SALP,70
8806,142,2468,THETYS SALP,2
8806,147,2393,SALP,1200
8806,147,2468,THETYS SALP,75
8806,149,1869,HETEROPOD,1
8806,149,2393,SALP,200
8806,150,2393,SALP,500
8806,151,2393,SALP,12
8806,152,2393,SALP,200
8806,154,2393,SALP,1
8806,156,2393,SALP,61
8806,172,2468,THETYS SALP,1
8806,183,2058,PYROSOMA,1
8806,199,2393,SALP,10
8806,204,2468,THETYS SALP,2
8806,208,2393,SALP,2
8806,209,2393,SALP,16
8806,210,2393,SALP,200
8806,216,2393,SALP,10000
8806,216,2468,THETYS SALP,1
8806,218,2393,SALP,65
8806,218,2468,THETYS SALP,2
8806,219,2393,SALP,500
8806,220,2393,SALP,5
8806,220,2468,THETYS SALP,5
8806,227,2393,SALP,1
8806,228,2468,THETYS SALP,24
8806,229,2393,SALP,1
8904,15,2393,SALP,1
8904,36,2468,THETYS SALP,1
8904,37,2393,SALP,1
8904,37,2468,THETYS SALP,3
8904,38,2468,THETYS SALP,1
8904,40,2393,SALP,18
8904,41,1869,HETEROPOD,1
8904,41,2468,THETYS SALP,2
8904,42,1869,HETEROPOD,94
8904,43,1869,HETEROPOD,1
8904,45,2468,THETYS SALP,1
8904,48,2468,THETYS SALP,1
8904,50,2468,THETYS SALP,1
8904,52,2393,SALP,1
8904,52,2468,THETYS SALP,5
8904,80,2393,SALP,8
8904,81,2393,SALP,1
8904,88,2393,SALP,4
8904,90,2393,SALP,1
8904,94,2393,SALP,12
8904,100,2393,SALP,12
8904,111,2058,PYROSOMA,2
8904,111,2393,SALP,2
8904,118,2393,SALP,18
8904,119,2393,SALP,13
8904,148,2393,SALP,3
8904,179,2393,SALP,12
8904,181,2393,SALP,1
8904,196,2393,SALP,5
9003,4,1766,SEA NETTLE,5
9003,5,2468,THETYS SALP,43
9003,5,2839,PURPLE-STRIPED JELLY,3
9003,6,1766,SEA NETTLE,1
9003,6,2468,THETYS SALP,7
9003,6,2839,PURPLE-STRIPED JELLY,1
9003,7,1766,SEA NETTLE,79
9003,7,2839,PURPLE-STRIPED JELLY,1
9003,12,2058,PYROSOMA,61
9003,13,1766,SEA NETTLE,29
9003,13,2839,PURPLE-STRIPED JELLY,1
9003,13,2840,MOON JELLY,1
9003,15,1869,HETEROPOD,4
9003,15,2393,SALP,12
9003,15,2840,MOON JELLY,4
9003,16,1869,HETEROPOD,1
9003,16,2393,SALP,44
9003,16,2468,THETYS SALP,2
9003,16,2840,MOON JELLY,1
9003,20,1766,SEA NETTLE,415
9003,20,2840,MOON JELLY,10
9003,21,2393,SALP,6
9003,21,2468,THETYS SALP,104
9003,23,1869,HETEROPOD,1
9003,23,2468,THETYS SALP,1
9003,25,1766,SEA NETTLE,1
9003,25,2058,PYROSOMA,1
9003,25,2393,SALP,98
9003,25,2468,THETYS SALP,1
9003,29,1766,SEA NETTLE,53
9003,29,2393,SALP,45
9003,29,2468,THETYS SALP,39
9003,30,1766,SEA NETTLE,1
9003,30,2058,PYROSOMA,1
9003,30,2393,SALP,10
9003,30,2468,THETYS SALP,42
9003,30,2840,MOON JELLY,1
9003,31,1869,HETEROPOD,1
9003,31,2393,SALP,334
9003,31,2468,THETYS SALP,35
9003,33,2058,PYROSOMA,1
9003,33,2393,SALP,275
9003,33,2468,THETYS SALP,14
9003,35,1869,HETEROPOD,1
9003,35,2393,SALP,147
9003,35,2468,THETYS SALP,166
9003,40,2393,SALP,25
9003,40,2468,THETYS SALP,3
9003,41,2468,THETYS SALP,12
9003,42,2393,SALP,80
9003,42,2468,THETYS SALP,7
9003,42,2839,PURPLE-STRIPED JELLY,2
9003,42,2840,MOON JELLY,6
9003,43,2058,PYROSOMA,1
9003,43,2468,THETYS SALP,7
9003,43,2840,MOON JELLY,1
9003,45,2393,SALP,144
9003,45,2468,THETYS SALP,158
9003,49,2468,THETYS SALP,7
9003,49,2839,PURPLE-STRIPED JELLY,1
9003,49,2840,MOON JELLY,2
9003,50,2058,PYROSOMA,1
9003,50,2393,SALP,74
9003,50,2468,THETYS SALP,3
9003,50,2839,PURPLE-STRIPED JELLY,1
9003,50,2840,MOON JELLY,2
9003,51,2393,SALP,187
9003,51,2468,THETYS SALP,1
9003,52,2393,SALP,5
9003,52,2468,THETYS SALP,99
9003,54,1869,HETEROPOD,2
9003,54,2468,THETYS SALP,113
9003,54,2840,MOON JELLY,1
9003,60,1766,SEA NETTLE,6
9003,60,2468,THETYS SALP,1
9003,60,2839,PURPLE-STRIPED JELLY,1
9003,61,1766,SEA NETTLE,22
9003,61,2468,THETYS SALP,285
9003,62,2393,SALP,55
9003,62,2468,THETYS SALP,152
9003,62,2840,MOON JELLY,10
9003,63,1766,SEA NETTLE,1
9003,63,2393,SALP,36
9003,63,2468,THETYS SALP,220
9003,63,2840,MOON JELLY,1
9003,64,1766,SEA NETTLE,28
9003,64,2468,THETYS SALP,173
9003,64,2840,MOON JELLY,4
9003,68,1869,HETEROPOD,1
9003,68,2393,SALP,96
9003,68,2468,THETYS SALP,27
9003,68,2840,MOON JELLY,1
9003,78,2393,SALP,121
9003,78,2468,THETYS SALP,33
9003,81,2393,SALP,117
9003,81,2468,THETYS SALP,84
9003,81,2840,MOON JELLY,1
9005,3,2393,SALP,27
9005,3,2468,THETYS SALP,38
9005,3,2839,PURPLE-STRIPED JELLY,2
9005,3,2840,MOON JELLY,2
9005,4,1766,SEA NETTLE,1
9005,4,2468,THETYS SALP,4
9005,5,1766,SEA NETTLE,5
9005,5,2393,SALP,11
9005,5,2468,THETYS SALP,21
9005,6,2393,SALP,1
9005,7,2468,THETYS SALP,1
9005,8,2393,SALP,1
9005,13,2393,SALP,90
9005,13,2468,THETYS SALP,103
9005,15,2468,THETYS SALP,6
9005,17,2393,SALP,5
9005,17,2468,THETYS SALP,14
9005,18,2393,SALP,241
9005,18,2468,THETYS SALP,15
9005,22,1766,SEA NETTLE,235
9005,22,2468,THETYS SALP,53
9005,22,2840,MOON JELLY,2
9005,23,2839,PURPLE-STRIPED JELLY,1
9005,23,2840,MOON JELLY,3
9005,24,2393,SALP,2
9005,24,2468,THETYS SALP,18
9005,26,2468,THETYS SALP,7
9005,28,2393,SALP,4
9005,28,2468,THETYS SALP,7
9005,31,1766,SEA NETTLE,5
9005,31,2468,THETYS SALP,1
9005,32,1766,SEA NETTLE,2
9005,32,2468,THETYS SALP,62
9005,33,2393,SALP,2
9005,33,2468,THETYS SALP,49
9005,34,2393,SALP,5
9005,34,2468,THETYS SALP,50
9005,35,2393,SALP,80
9005,35,2468,THETYS SALP,239
9005,38,1766,SEA NETTLE,49
9005,38,2468,THETYS SALP,35
9005,39,1766,SEA NETTLE,22
9005,39,2468,THETYS SALP,76
9005,42,1766,SEA NETTLE,130
9005,42,2468,THETYS SALP,2
9005,46,2393,SALP,36
9005,46,2468,THETYS SALP,4
9005,50,2468,THETYS SALP,32
9005,51,1766,SEA NETTLE,115
9005,51,2468,THETYS SALP,4
9005,52,1766,SEA NETTLE,2
9005,52,2468,THETYS SALP,32
9005,52,2840,MOON JELLY,1
9005,53,2468,THETYS SALP,11
9005,53,2840,MOON JELLY,1
9005,54,2393,SALP,5
9005,54,2468,THETYS SALP,21
9005,57,2393,SALP,2
9005,57,2468,THETYS SALP,86
9005,58,2468,THETYS SALP,20
9005,58,2840,MOON JELLY,1
9005,59,2468,THETYS SALP,8
9005,64,1869,HETEROPOD,1
9005,64,2058,PYROSOMA,7
9005,64,2393,SALP,21
9005,64,2468,THETYS SALP,8
9005,66,2058,PYROSOMA,2
9005,66,2393,SALP,288
9005,66,2468,THETYS SALP,2
9005,67,2058,PYROSOMA,2
9005,67,2468,THETYS SALP,9
9005,68,1766,SEA NETTLE,1
9005,68,2468,THETYS SALP,7
9005,68,2839,PURPLE-STRIPED JELLY,1
9005,69,2468,THETYS SALP,6
9005,73,2839,PURPLE-STRIPED JELLY,1
9005,74,2840,MOON JELLY,2
9005,75,2058,PYROSOMA,1
9005,75,2839,PURPLE-STRIPED JELLY,1
9005,76,2393,SALP,49
9005,77,2468,THETYS SALP,9
9005,77,2839,PURPLE-STRIPED JELLY,2
9005,78,2468,THETYS SALP,2
9005,83,1766,SEA NETTLE,8
9005,83,2393,SALP,19
9005,83,2468,THETYS SALP,12
9005,84,1766,SEA NETTLE,4
9005,84,2058,PYROSOMA,1
9005,84,2839,PURPLE-STRIPED JELLY,3
9005,84,2840,MOON JELLY,4
9005,85,2468,THETYS SALP,3
9005,87,2393,SALP,148
9005,87,2468,THETYS SALP,16
9005,87,2840,MOON JELLY,1
9005,89,2058,PYROSOMA,1
9005,89,2393,SALP,13
9005,89,2468,THETYS SALP,57
9005,92,1766,SEA NETTLE,54
9005,92,2393,SALP,1
9005,92,2468,THETYS SALP,27
9005,92,2840,MOON JELLY,3
9005,93,1766,SEA NETTLE,1
9005,93,2468,THETYS SALP,125
9005,94,2058,PYROSOMA,1
9005,94,2468,THETYS SALP,15
9005,96,2058,PYROSOMA,3
9005,96,2393,SALP,13
9005,96,2468,THETYS SALP,14
9005,98,1869,HETEROPOD,14
9005,98,2058,PYROSOMA,13
9005,98,2393,SALP,81
9005,98,2468,THETYS SALP,39
9005,111,2393,SALP,92
9005,111,2468,THETYS SALP,47
9005,112,2058,PYROSOMA,1
9005,112,2393,SALP,136
9005,112,2468,THETYS SALP,13
9005,113,2393,SALP,126
9005,113,2468,THETYS SALP,22
9005,114,2393,SALP,161
9005,114,2468,THETYS SALP,17
9005,114,2840,MOON JELLY,1
9005,115,2468,THETYS SALP,8
9005,119,2468,THETYS SALP,22
9005,121,2393,SALP,4
9005,121,2468,THETYS SALP,39
9005,122,2468,THETYS SALP,8
9005,123,2468,THETYS SALP,29
9005,123,2839,PURPLE-STRIPED JELLY,10
9005,123,2840,MOON JELLY,2
9005,127,2468,THETYS SALP,8
9005,128,2468,THETYS SALP,40
9005,129,2468,THETYS SALP,42
9005,129,2839,PURPLE-STRIPED JELLY,2
9005,129,2840,MOON JELLY,1
9005,156,2468,THETYS SALP,8
9005,156,2840,MOON JELLY,1
9005,157,2468,THETYS SALP,1
9005,157,2840,MOON JELLY,1
9005,158,2468,THETYS SALP,1
9005,159,2393,SALP,35
9005,166,2393,SALP,4
9005,166,2468,THETYS SALP,4
9005,169,2393,SALP,9
9005,170,2393,SALP,66
9005,170,2468,THETYS SALP,1
9005,171,2393,SALP,135
9005,171,2468,THETYS SALP,4
9005,175,1766,SEA NETTLE,1
9005,175,2468,THETYS SALP,1
9005,175,2839,PURPLE-STRIPED JELLY,3
9005,175,2840,MOON JELLY,1
9005,176,1766,SEA NETTLE,1
9005,176,2468,THETYS SALP,24
9005,178,2468,THETYS SALP,19
9005,186,1766,SEA NETTLE,16
9005,186,2468,THETYS SALP,5
9005,186,2840,MOON JELLY,2
9005,187,1766,SEA NETTLE,59
9005,187,2468,THETYS SALP,8
9005,188,2393,SALP,93
9005,188,2468,THETYS SALP,15
9005,188,2840,MOON JELLY,1
9005,189,2468,THETYS SALP,43
9005,189,2840,MOON JELLY,1
9005,190,1766,SEA NETTLE,36
9005,190,2468,THETYS SALP,18
9005,192,2468,THETYS SALP,20
9005,192,2840,MOON JELLY,1
9005,194,2058,PYROSOMA,2
9005,195,2393,SALP,2
9005,202,1869,HETEROPOD,1
9005,202,2468,THETYS SALP,1
9005,203,2058,PYROSOMA,1
9005,203,2393,SALP,3
9005,203,2468,THETYS SALP,141
9005,204,1766,SEA NETTLE,1
9005,204,2468,THETYS SALP,9
9005,204,2840,MOON JELLY,6
9005,205,2468,THETYS SALP,3
9005,206,2393,SALP,2
9005,206,2468,THETYS SALP,82
9005,209,2468,THETYS SALP,10
9005,209,2839,PURPLE-STRIPED JELLY,1
9005,211,2468,THETYS SALP,162
9105,2,1766,SEA NETTLE,4
9105,2,2058,PYROSOMA,1
9105,3,1766,SEA NETTLE,3
9105,3,2839,PURPLE-STRIPED JELLY,1
9105,16,1766,SEA NETTLE,1
9105,16,2839,PURPLE-STRIPED JELLY,1
9105,18,1766,SEA NETTLE,602
9105,18,2840,MOON JELLY,120
9105,28,2840,MOON JELLY,1
9105,31,1766,SEA NETTLE,147
9105,35,2058,PYROSOMA,1
9105,35,2393,SALP,3
9105,37,1869,HETEROPOD,2
9105,45,1766,SEA NETTLE,1
9105,48,2393,SALP,139
9105,49,2393,SALP,12
9105,63,2393,SALP,29
9105,66,2058,PYROSOMA,1
9105,66,2393,SALP,15
9105,66,2840,MOON JELLY,1
9105,68,2058,PYROSOMA,10
9105,68,2393,SALP,70
9105,69,2058,PYROSOMA,3
9105,69,2393,SALP,10
9105,70,2840,MOON JELLY,3
9105,73,1766,SEA NETTLE,1
9105,73,2839,PURPLE-STRIPED JELLY,1
9105,74,2393,SALP,1
9105,76,1766,SEA NETTLE,2
9105,77,1766,SEA NETTLE,2
9105,77,2839,PURPLE-STRIPED JELLY,1
9105,78,2393,SALP,1
9105,79,2839,PURPLE-STRIPED JELLY,1
9105,81,2058,PYROSOMA,1
9105,81,2393,SALP,4
9105,84,2393,SALP,10
9105,85,1766,SEA NETTLE,1
9105,86,2468,THETYS SALP,1
9105,88,1766,SEA NETTLE,88
9105,90,1766,SEA NETTLE,8
9105,92,1766,SEA NETTLE,7
9105,92,2839,PURPLE-STRIPED JELLY,1
9105,93,1766,SEA NETTLE,1
9105,93,2393,SALP,11
9105,95,1766,SEA NETTLE,150
9105,95,2840,MOON JELLY,15
9105,97,2468,THETYS SALP,1
9105,99,1766,SEA NETTLE,1
9105,99,2058,PYROSOMA,1
9105,101,1766,SEA NETTLE,1
9105,101,2393,SALP,14
9105,102,1766,SEA NETTLE,2
9105,104,2393,SALP,1
9105,105,1766,SEA NETTLE,2
9105,106,1766,SEA NETTLE,2
9105,106,2840,MOON JELLY,1
9105,107,1766,SEA NETTLE,1
9105,110,2393,SALP,6
9105,112,2393,SALP,3
9105,115,2393,SALP,3
9105,119,1766,SEA NETTLE,1
9105,124,1766,SEA NETTLE,1
9105,125,2393,SALP,60
9105,127,2393,SALP,5
9105,128,2393,SALP,3
9105,133,2393,SALP,3
9105,134,2393,SALP,2
9105,135,1766,SEA NETTLE,1
9105,135,2393,SALP,40
9105,135,2840,MOON JELLY,1
9105,137,1766,SEA NETTLE,1
9105,140,1766,SEA NETTLE,12
9105,140,2393,SALP,16
9105,140,2840,MOON JELLY,2
9105,141,1766,SEA NETTLE,5
9105,141,2839,PURPLE-STRIPED JELLY,2
9105,141,2840,MOON JELLY,3
9105,142,2393,SALP,25
9105,146,2393,SALP,71
9105,148,1766,SEA NETTLE,5
9105,148,2839,PURPLE-STRIPED JELLY,1
9105,151,1766,SEA NETTLE,1
9105,152,2058,PYROSOMA,1
9105,154,2393,SALP,2
9105,156,1766,SEA NETTLE,5
9105,157,1766,SEA NETTLE,3
9105,157,2839,PURPLE-STRIPED JELLY,1
9105,159,2058,PYROSOMA,4
9105,159,2393,SALP,1
9105,161,2393,SALP,4
9105,163,2058,PYROSOMA,6
9105,163,2393,SALP,13
9105,163,2468,THETYS SALP,1
9105,164,2058,PYROSOMA,2
9105,164,2393,SALP,3
9105,164,2468,THETYS SALP,1
9105,165,2058,PYROSOMA,6
9105,166,2058,PYROSOMA,1
9105,169,1766,SEA NETTLE,209
9105,169,2839,PURPLE-STRIPED JELLY,4
9105,171,1766,SEA NETTLE,5
9105,172,1766,SEA NETTLE,288
9105,175,1766,SEA NETTLE,6
9105,176,1766,SEA NETTLE,1
9105,178,2393,SALP,2
9105,180,1766,SEA NETTLE,1
9206,4,1766,SEA NETTLE,31
9206,5,1766,SEA NETTLE,1
9206,5,2058,PYROSOMA,5
9206,6,1766,SEA NETTLE,3
9206,6,2839,PURPLE-STRIPED JELLY,1
9206,7,1766,SEA NETTLE,9
9206,7,2839,PURPLE-STRIPED JELLY,2
9206,8,1766,SEA NETTLE,32
9206,8,2839,PURPLE-STRIPED JELLY,1
9206,10,2058,PYROSOMA,3
9206,11,1766,SEA NETTLE,1
9206,11,2058,PYROSOMA,2
9206,11,2393,SALP,5
9206,11,2468,THETYS SALP,2
9206,14,2468,THETYS SALP,3
9206,15,1869,HETEROPOD,1
9206,16,2058,PYROSOMA,5
9206,16,2393,SALP,3
9206,18,1766,SEA NETTLE,6
9206,18,2839,PURPLE-STRIPED JELLY,1
9206,19,1766,SEA NETTLE,1
9206,22,2058,PYROSOMA,1
9206,24,2058,PYROSOMA,5
9206,24,2468,THETYS SALP,1
9206,26,1766,SEA NETTLE,12
9206,27,1766,SEA NETTLE,64
9206,28,1766,SEA NETTLE,3
9206,30,2468,THETYS SALP,1
9206,32,2468,THETYS SALP,3
9206,35,2393,SALP,5
9206,36,2468,THETYS SALP,4
9206,37,1766,SEA NETTLE,15
9206,38,1766,SEA NETTLE,3
9206,38,2468,THETYS SALP,3
9206,42,1766,SEA NETTLE,1
9206,43,1766,SEA NETTLE,19
9206,44,1766,SEA NETTLE,8
9206,44,2839,PURPLE-STRIPED JELLY,1
9206,48,1766,SEA NETTLE,215
9206,50,1766,SEA NETTLE,6
9206,62,1766,SEA NETTLE,2
9206,62,2058,PYROSOMA,1
9206,62,2468,THETYS SALP,2
9206,62,2839,PURPLE-STRIPED JELLY,1
9206,63,2468,THETYS SALP,6
9206,64,2058,PYROSOMA,3
9206,64,2468,THETYS SALP,2
9206,65,2058,PYROSOMA,1
9206,65,2468,THETYS SALP,3
9206,67,1766,SEA NETTLE,7
9206,68,2839,PURPLE-STRIPED JELLY,2
9206,69,2468,THETYS SALP,4
9206,70,2468,THETYS SALP,1
9206,71,1766,SEA NETTLE,13
9206,74,1766,SEA NETTLE,14
9206,75,2058,PYROSOMA,1
9206,75,2393,SALP,3
9206,75,2839,PURPLE-STRIPED JELLY,1
9206,76,2393,SALP,1
9206,78,1766,SEA NETTLE,1
9206,78,2393,SALP,2
9206,78,2468,THETYS SALP,3
9206,78,2839,PURPLE-STRIPED JELLY,1
9206,80,1766,SEA NETTLE,2
9206,82,1766,SEA NETTLE,10
9206,83,2468,THETYS SALP,1
9206,84,1766,SEA NETTLE,1
9206,86,2058,PYROSOMA,4
9206,88,1766,SEA NETTLE,12
9206,90,1766,SEA NETTLE,39
9206,91,1766,SEA NETTLE,113
9206,91,1869,HETEROPOD,1
9206,92,1766,SEA NETTLE,5
9206,92,2839,PURPLE-STRIPED JELLY,2
9206,93,1766,SEA NETTLE,2
9206,93,2839,PURPLE-STRIPED JELLY,1
9206,94,1766,SEA NETTLE,2
9206,94,2468,THETYS SALP,1
9206,97,1766,SEA NETTLE,115
9206,131,1766,SEA NETTLE,152
9206,148,2393,SALP,1
9206,148,2468,THETYS SALP,10
9206,149,2468,THETYS SALP,1
9206,151,2058,PYROSOMA,3
9206,153,2058,PYROSOMA,5
9206,153,2393,SALP,8
9206,156,2393,SALP,65
9206,157,2468,THETYS SALP,2
9206,159,2468,THETYS SALP,1
9206,160,2058,PYROSOMA,18
9206,160,2468,THETYS SALP,1
9206,163,1766,SEA NETTLE,1
9206,164,2058,PYROSOMA,5
9206,164,2393,SALP,4
9206,164,2468,THETYS SALP,1
9206,165,2058,PYROSOMA,12
9206,167,2393,SALP,6
9206,169,2058,PYROSOMA,1
9206,169,2468,THETYS SALP,4
9206,178,2058,PYROSOMA,7
9206,178,2393,SALP,103
9206,178,2468,THETYS SALP,4
9206,179,2058,PYROSOMA,45
9206,179,2393,SALP,5
9206,180,2058,PYROSOMA,5
9206,184,1766,SEA NETTLE,1
9206,184,2058,PYROSOMA,2
9206,184,2468,THETYS SALP,1
9206,185,1766,SEA NETTLE,5
9206,186,1766,SEA NETTLE,1
9206,186,2468,THETYS SALP,1
9206,186,2839,PURPLE-STRIPED JELLY,1
9206,187,1766,SEA NETTLE,8
9206,187,2839,PURPLE-STRIPED JELLY,2
9206,188,2058,PYROSOMA,1
9206,188,2468,THETYS SALP,1
9206,190,1766,SEA NETTLE,1
9206,194,1766,SEA NETTLE,3
9206,194,2839,PURPLE-STRIPED JELLY,1
9206,195,1766,SEA NETTLE,20
9206,195,2839,PURPLE-STRIPED JELLY,3
9206,198,1766,SEA NETTLE,12
9206,200,1766,SEA NETTLE,5
9307,1,2058,PYROSOMA,1
9307,3,1766,SEA NETTLE,11
9307,4,1766,SEA NETTLE,3
9307,4,2840,MOON JELLY,1
9307,5,1766,SEA NETTLE,5
9307,6,1766,SEA NETTLE,5
9307,9,2058,PYROSOMA,1
9307,11,1766,SEA NETTLE,1
9307,11,2840,MOON JELLY,1
9307,15,1766,SEA NETTLE,3
9307,19,2393,SALP,1
9307,20,1766,SEA NETTLE,1
9307,20,2393,SALP,1
9307,21,1766,SEA NETTLE,44
9307,22,1766,SEA NETTLE,1322
9307,23,2393,SALP,1
9307,24,1766,SEA NETTLE,1
9307,24,2058,PYROSOMA,1
9307,24,2393,SALP,4
9307,26,2393,SALP,7
9307,29,1766,SEA NETTLE,2
9307,29,2840,MOON JELLY,2
9307,30,1766,SEA NETTLE,3
9307,30,2468,THETYS SALP,14
9307,32,2393,SALP,1
9307,35,2468,THETYS SALP,10
9307,41,1766,SEA NETTLE,2
9307,43,1766,SEA NETTLE,244
9307,44,1766,SEA NETTLE,6
9307,44,2468,THETYS SALP,2
9307,57,1766,SEA NETTLE,1
9307,57,2839,PURPLE-STRIPED JELLY,1
9307,59,1766,SEA NETTLE,2
9307,59,2393,SALP,1
9307,60,1766,SEA NETTLE,2
9307,61,1766,SEA NETTLE,2
9307,61,2393,SALP,3
9307,64,2393,SALP,10
9307,70,1766,SEA NETTLE,1
9307,70,2058,PYROSOMA,1
9307,70,2393,SALP,1
9307,71,1766,SEA NETTLE,5
9307,71,2058,PYROSOMA,1
9307,73,1766,SEA NETTLE,3
9307,73,2839,PURPLE-STRIPED JELLY,3
9307,74,1869,HETEROPOD,1
9307,74,2839,PURPLE-STRIPED JELLY,4
9307,79,2393,SALP,1
9307,79,2468,THETYS SALP,1
9307,81,2393,SALP,7
9307,83,2393,SALP,4
9307,86,2468,THETYS SALP,57
9307,87,1766,SEA NETTLE,1
9307,91,1766,SEA NETTLE,1
9307,91,2468,THETYS SALP,3
9307,91,2840,MOON JELLY,1
9307,92,1766,SEA NETTLE,3
9307,92,2393,SALP,3
9307,92,2468,THETYS SALP,3
9307,93,2839,PURPLE-STRIPED JELLY,1
9307,94,1766,SEA NETTLE,12
9307,95,1766,SEA NETTLE,10
9307,98,1766,SEA NETTLE,218
9307,132,2393,SALP,55
9307,133,1766,SEA NETTLE,1
9307,135,2839,PURPLE-STRIPED JELLY,1
9307,140,2393,SALP,1
9307,142,2839,PURPLE-STRIPED JELLY,1
9307,144,2393,SALP,5
9307,145,2393,SALP,40
9307,149,1869,HETEROPOD,1
9307,152,1766,SEA NETTLE,1
9307,153,1766,SEA NETTLE,2
9307,153,2839,PURPLE-STRIPED JELLY,1
9307,154,1766,SEA NETTLE,1
9307,155,1766,SEA NETTLE,643
9307,158,1766,SEA NETTLE,1
9307,160,1766,SEA NETTLE,623
9307,160,2840,MOON JELLY,3
9307,161,1766,SEA NETTLE,707
9307,163,2839,PURPLE-STRIPED JELLY,1
9307,165,1766,SEA NETTLE,15
9307,165,2839,PURPLE-STRIPED JELLY,1
9307,166,2058,PYROSOMA,3
9307,166,2393,SALP,2
9307,167,1766,SEA NETTLE,3
9307,167,2839,PURPLE-STRIPED JELLY,1
9307,168,1766,SEA NETTLE,24
9406,1,1766,SEA NETTLE,3
9406,1,2393,SALP,1
9406,2,1869,HETEROPOD,2
9406,3,2393,SALP,30
9406,6,2393,SALP,1
9406,6,2839,PURPLE-STRIPED JELLY,1
9406,7,2839,PURPLE-STRIPED JELLY,1
9406,8,1766,SEA NETTLE,1
9406,10,1766,SEA NETTLE,311
9406,11,1766,SEA NETTLE,205
9406,12,1766,SEA NETTLE,18
9406,14,1766,SEA NETTLE,16
9406,14,2839,PURPLE-STRIPED JELLY,1
9406,22,1766,SEA NETTLE,59
9406,24,1766,SEA NETTLE,2
9406,26,2393,SALP,1
9406,28,2393,SALP,2
9406,30,2393,SALP,30
9406,35,2839,PURPLE-STRIPED JELLY,2
9406,36,1766,SEA NETTLE,47
9406,39,1766,SEA NETTLE,15
9406,40,1766,SEA NETTLE,141
9406,40,2393,SALP,4
9406,41,1766,SEA NETTLE,14
9406,42,1766,SEA NETTLE,3
9406,42,1869,HETEROPOD,1
9406,42,2393,SALP,2
9406,45,2393,SALP,2
9406,54,1766,SEA NETTLE,4178
9406,55,1766,SEA NETTLE,1
9406,56,1766,SEA NETTLE,84
9406,58,1766,SEA NETTLE,39
9406,58,2393,SALP,18
9406,60,2468,THETYS SALP,1
9406,66,1766,SEA NETTLE,1
9406,66,2393,SALP,1
9406,68,2393,SALP,3
9406,71,1869,HETEROPOD,1
9406,72,1869,HETEROPOD,1
9406,72,2393,SALP,3
9406,75,2393,SALP,2
9406,81,1766,SEA NETTLE,203
9406,104,1766,SEA NETTLE,5
9406,104,2840,MOON JELLY,1
9406,105,2839,PURPLE-STRIPED JELLY,1
9406,105,2840,MOON JELLY,14
9406,106,2058,PYROSOMA,1
9406,107,1766,SEA NETTLE,2
9406,107,2393,SALP,2
9406,107,2840,MOON JELLY,4
9406,108,2839,PURPLE-STRIPED JELLY,1
9406,109,2393,SALP,5
9406,109,2839,PURPLE-STRIPED JELLY,3
9406,109,2840,MOON JELLY,1
9406,112,2393,SALP,1
9406,115,2840,MOON JELLY,1
9406,118,1766,SEA NETTLE,39
9406,118,2840,MOON JELLY,3
9406,119,1766,SEA NETTLE,6
9406,119,2393,SALP,1
9406,122,2393,SALP,2
9406,122,2840,MOON JELLY,1
9406,128,2393,SALP,5
9406,130,2393,SALP,1
9406,138,2468,THETYS SALP,1
9406,139,2839,PURPLE-STRIPED JELLY,1
9406,140,1766,SEA NETTLE,2
9406,140,2839,PURPLE-STRIPED JELLY,1
9406,140,2840,MOON JELLY,1
9406,142,1766,SEA NETTLE,1
9406,142,2839,PURPLE-STRIPED JELLY,1
9406,142,2840,MOON JELLY,1
9406,143,2839,PURPLE-STRIPED JELLY,1
9406,144,1766,SEA NETTLE,48
9406,144,2839,PURPLE-STRIPED JELLY,3
9506,2,2393,SALP,178
9506,2,2839,PURPLE-STRIPED JELLY,1
9506,2,2840,MOON JELLY,1
9506,3,2839,PURPLE-STRIPED JELLY,20
9506,5,1766,SEA NETTLE,2
9506,5,2393,SALP,200
9506,5,2840,MOON JELLY,26
9506,6,2058,PYROSOMA,1
9506,6,2393,SALP,6
9506,6,2840,MOON JELLY,5
9506,7,2058,PYROSOMA,15
9506,7,2393,SALP,29
9506,8,2393,SALP,12
9506,10,2468,THETYS SALP,4
9506,11,2393,SALP,78
9506,11,2468,THETYS SALP,1
9506,12,2393,SALP,81
9506,12,2468,THETYS SALP,2
9506,12,2840,MOON JELLY,1
9506,13,2393,SALP,102
9506,16,1766,SEA NETTLE,1
9506,19,2468,THETYS SALP,1
9506,20,1766,SEA NETTLE,3
9506,20,2393,SALP,50
9506,21,2393,SALP,2
9506,21,2840,MOON JELLY,1
9506,22,2393,SALP,70
9506,23,2468,THETYS SALP,1
9506,24,2840,MOON JELLY,1
9506,25,2393,SALP,3
9506,27,2393,SALP,5
9506,27,2468,THETYS SALP,9
9506,28,2393,SALP,1
9506,29,2058,PYROSOMA,1
9506,29,2840,MOON JELLY,5
9506,30,2058,PYROSOMA,1
9506,30,2393,SALP,1
9506,31,2393,SALP,11
9506,31,2468,THETYS SALP,1
9506,32,2468,THETYS SALP,1
9506,35,1766,SEA NETTLE,362
9506,36,1766,SEA NETTLE,407
9506,38,2058,PYROSOMA,12
9506,38,2393,SALP,1
9506,40,2840,MOON JELLY,1
9506,41,2840,MOON JELLY,6
9506,42,1766,SEA NETTLE,97
9506,42,2058,PYROSOMA,1
9506,53,2393,SALP,33
9506,53,2840,MOON JELLY,3
9506,54,2393,SALP,47
9506,54,2840,MOON JELLY,2
9506,55,2393,SALP,67
9506,55,2468,THETYS SALP,1
9506,56,2393,SALP,24
9506,56,2840,MOON JELLY,2
9506,57,2393,SALP,110
9506,61,2393,SALP,12
9506,63,1766,SEA NETTLE,1
9506,63,2840,MOON JELLY,1
9506,64,2393,SALP,2
9506,64,2840,MOON JELLY,3
9506,65,2393,SALP,54
9506,65,2468,THETYS SALP,9
9506,65,2839,PURPLE-STRIPED JELLY,1
9506,66,2393,SALP,60
9506,67,2058,PYROSOMA,1
9506,67,2393,SALP,1
9506,67,2840,MOON JELLY,1
9506,69,1766,SEA NETTLE,1
9506,71,2393,SALP,7
9506,72,2393,SALP,24
9506,72,2839,PURPLE-STRIPED JELLY,1
9506,73,1766,SEA NETTLE,930
9506,73,2393,SALP,2
9506,74,1766,SEA NETTLE,9
9506,75,2840,MOON JELLY,2
9506,78,2058,PYROSOMA,1
9506,81,2840,MOON JELLY,2
9506,82,2058,PYROSOMA,1
9506,82,2393,SALP,3
9506,85,2058,PYROSOMA,4
9506,86,1766,SEA NETTLE,1
9506,86,2058,PYROSOMA,2
9506,86,2468,THETYS SALP,4
9506,87,2468,THETYS SALP,23
9506,88,2468,THETYS SALP,2
9506,88,2839,PURPLE-STRIPED JELLY,1
9506,88,2840,MOON JELLY,5
9506,89,1766,SEA NETTLE,10
9506,89,2839,PURPLE-STRIPED JELLY,1
9506,89,2840,MOON JELLY,5
9506,90,1766,SEA NETTLE,207
9506,94,1766,SEA NETTLE,161
9506,95,1766,SEA NETTLE,543
9506,123,2393,SALP,100
9506,123,2840,MOON JELLY,2
9506,124,2840,MOON JELLY,1
9506,125,2393,SALP,9
9506,125,2468,THETYS SALP,1
9506,125,2840,MOON JELLY,12
9506,126,1766,SEA NETTLE,1
9506,128,2393,SALP,1
9506,129,2840,MOON JELLY,2
9506,131,1766,SEA NETTLE,1
9506,131,2393,SALP,1
9506,132,2058,PYROSOMA,1
9506,132,2393,SALP,263
9506,132,2840,MOON JELLY,4
9506,133,2393,SALP,130
9506,133,2468,THETYS SALP,1
9506,134,2393,SALP,13
9506,134,2468,THETYS SALP,2
9506,136,2393,SALP,4
9506,138,2468,THETYS SALP,1
9506,140,2468,THETYS SALP,1
9506,141,2468,THETYS SALP,4
9506,147,2058,PYROSOMA,1
9506,147,2840,MOON JELLY,1
9506,149,1766,SEA NETTLE,1
9506,149,2393,SALP,1
9506,149,2468,THETYS SALP,2
9506,149,2840,MOON JELLY,1
9506,150,2840,MOON JELLY,75
9506,151,2393,SALP,16
9506,152,1766,SEA NETTLE,2
9506,152,2393,SALP,1
9506,152,2840,MOON JELLY,3
9506,157,1766,SEA NETTLE,1
9506,158,2840,MOON JELLY,2
9506,159,1766,SEA NETTLE,2
9506,159,2839,PURPLE-STRIPED JELLY,1
9506,160,1766,SEA NETTLE,126
9506,160,2840,MOON JELLY,2
9506,161,1766,SEA NETTLE,734
9506,163,1766,SEA NETTLE,68
9506,163,2840,MOON JELLY,3
9506,164,1766,SEA NETTLE,74
9506,164,2840,MOON JELLY,5
9506,165,1766,SEA NETTLE,81
9506,165,2840,MOON JELLY,3
9606,1,1766,SEA NETTLE,2
9606,1,2839,PURPLE-STRIPED JELLY,3
9606,8,2468,THETYS SALP,4
9606,10,1869,HETEROPOD,1
9606,10,2393,SALP,1
9606,11,1766,SEA NETTLE,1
9606,12,1766,SEA NETTLE,1
9606,12,2393,SALP,1
9606,14,1766,SEA NETTLE,2
9606,14,1869,HETEROPOD,1
9606,14,2468,THETYS SALP,1
9606,15,1766,SEA NETTLE,2
9606,15,2058,PYROSOMA,1
9606,16,2058,PYROSOMA,1
9606,18,1766,SEA NETTLE,1
9606,18,2393,SALP,3
9606,19,1766,SEA NETTLE,1
9606,21,1766,SEA NETTLE,11
9606,21,2393,SALP,1
9606,26,2058,PYROSOMA,2
9606,27,1766,SEA NETTLE,5
9606,28,1766,SEA NETTLE,1
9606,29,1766,SEA NETTLE,20
9606,29,2393,SALP,4
9606,31,1766,SEA NETTLE,1094
9606,32,1766,SEA NETTLE,710
9606,33,1766,SEA NETTLE,552
9606,33,2840,MOON JELLY,2
9606,34,1766,SEA NETTLE,341
9606,35,1869,HETEROPOD,1
9606,35,2468,THETYS SALP,2
9606,36,1869,HETEROPOD,1
9606,36,2393,SALP,2
9606,36,2468,THETYS SALP,1
9606,37,2840,MOON JELLY,3
9606,43,2393,SALP,2
9606,43,2468,THETYS SALP,4
9606,48,1766,SEA NETTLE,80
9606,48,2839,PURPLE-STRIPED JELLY,1
9606,51,2393,SALP,4
9606,52,2468,THETYS SALP,1
9606,61,2058,PYROSOMA,1
9606,62,1869,HETEROPOD,2
9606,62,2058,PYROSOMA,1
9606,63,2058,PYROSOMA,1
9606,66,1766,SEA NETTLE,364
9606,69,2393,SALP,1
9606,70,2058,PYROSOMA,2
9606,74,2393,SALP,1
9606,77,1766,SEA NETTLE,56
9606,77,2840,MOON JELLY,6
9606,78,1766,SEA NETTLE,60
9606,79,1766,SEA NETTLE,53
9606,80,1766,SEA NETTLE,134
9606,81,1766,SEA NETTLE,81
9606,82,1766,SEA NETTLE,61
9606,149,2840,MOON JELLY,1
9606,158,2468,THETYS SALP,2
9606,160,2840,MOON JELLY,2
9606,161,1766,SEA NETTLE,2
9606,161,2058,PYROSOMA,1
9606,161,2393,SALP,1
9606,161,2468,THETYS SALP,1
9606,163,2058,PYROSOMA,1
9606,165,1766,SEA NETTLE,1
9606,165,2468,THETYS SALP,1
9606,169,1766,SEA NETTLE,2
9606,169,2058,PYROSOMA,1
9606,169,2468,THETYS SALP,1
9606,171,1766,SEA NETTLE,3
9606,172,1766,SEA NETTLE,405
9606,173,1766,SEA NETTLE,368
9606,174,1766,SEA NETTLE,33
9606,175,1766,SEA NETTLE,2
9606,176,1766,SEA NETTLE,162
9606,205,2840,MOON JELLY,1
9606,206,1766,SEA NETTLE,2
9606,207,1766,SEA NETTLE,4
9606,207,2840,MOON JELLY,5
9606,208,1766,SEA NETTLE,113
9707,1,1766,SEA NETTLE,5
9707,1,2393,SALP,3
9707,1,2839,PURPLE-STRIPED JELLY,5
9707,2,2393,SALP,13
9707,3,2393,SALP,3
9707,4,2840,MOON JELLY,1
9707,5,1766,SEA NETTLE,6
9707,9,1766,SEA NETTLE,1
9707,9,2058,PYROSOMA,1
9707,9,2393,SALP,11
9707,9,2468,THETYS SALP,9
9707,9,2840,MOON JELLY,4
9707,10,1766,SEA NETTLE,2
9707,10,1869,HETEROPOD,1
9707,10,2468,THETYS SALP,17
9707,10,2839,PURPLE-STRIPED JELLY,1
9707,10,2840,MOON JELLY,4
9707,11,1766,SEA NETTLE,1
9707,11,1869,HETEROPOD,1
9707,11,2840,MOON JELLY,2
9707,12,2393,SALP,10
9707,14,2393,SALP,3
9707,15,1766,SEA NETTLE,2
9707,15,2393,SALP,1
9707,15,2468,THETYS SALP,14
9707,16,2393,SALP,1
9707,16,2468,THETYS SALP,9
9707,18,1766,SEA NETTLE,1
9707,18,1869,HETEROPOD,1
9707,18,2393,SALP,17
9707,18,2468,THETYS SALP,11
9707,18,2840,MOON JELLY,1
9707,20,1766,SEA NETTLE,3
9707,20,2840,MOON JELLY,1
9707,21,2468,THETYS SALP,1
9707,23,1766,SEA NETTLE,1
9707,25,2468,THETYS SALP,1
9707,25,2840,MOON JELLY,2
9707,27,2393,SALP,2
9707,27,2468,THETYS SALP,1
9707,27,2839,PURPLE-STRIPED JELLY,1
9707,28,2393,SALP,6
9707,28,2468,THETYS SALP,1
9707,28,2840,MOON JELLY,3
9707,29,2393,SALP,4
9707,29,2468,THETYS SALP,65
9707,29,2840,MOON JELLY,2
9707,30,1766,SEA NETTLE,1
9707,30,2840,MOON JELLY,2
9707,31,2468,THETYS SALP,1
9707,33,2840,MOON JELLY,2
9707,35,1766,SEA NETTLE,1
9707,35,2840,MOON JELLY,1
9707,38,2840,MOON JELLY,3
9707,43,1766,SEA NETTLE,1
9707,43,2840,MOON JELLY,1
9707,44,1766,SEA NETTLE,10
9707,44,2840,MOON JELLY,10
9707,45,1766,SEA NETTLE,5
9707,45,2393,SALP,75
9707,45,2840,MOON JELLY,13
9707,46,1766,SEA NETTLE,3
9707,46,2393,SALP,42
9707,46,2468,THETYS SALP,1
9707,46,2840,MOON JELLY,49
9707,47,1766,SEA NETTLE,2
9707,47,2393,SALP,37
9707,47,2468,THETYS SALP,1
9707,47,2840,MOON JELLY,13
9707,48,2393,SALP,10
9707,48,2840,MOON JELLY,17
9707,49,2393,SALP,113
9707,49,2840,MOON JELLY,35
9707,52,1766,SEA NETTLE,1
9707,52,2058,PYROSOMA,2
9707,52,2393,SALP,28
9707,54,1766,SEA NETTLE,1
9707,54,2393,SALP,26
9707,54,2840,MOON JELLY,9
9707,55,1766,SEA NETTLE,2
9707,55,2393,SALP,130
9707,55,2840,MOON JELLY,8
9707,56,1766,SEA NETTLE,2
9707,56,2058,PYROSOMA,1
9707,56,2393,SALP,82
9707,56,2840,MOON JELLY,8
9707,57,2393,SALP,47
9707,57,2468,THETYS SALP,19
9707,57,2840,MOON JELLY,1
9707,58,1766,SEA NETTLE,1
9707,58,1869,HETEROPOD,1
9707,58,2393,SALP,1
9707,58,2468,THETYS SALP,1
9707,58,2840,MOON JELLY,8
9707,59,2393,SALP,17
9707,59,2468,THETYS SALP,1
9707,61,1766,SEA NETTLE,2
9707,61,2393,SALP,99
9707,61,2468,THETYS SALP,4
9707,64,2058,PYROSOMA,1
9707,64,2393,SALP,38
9707,64,2468,THETYS SALP,1
9707,66,2468,THETYS SALP,33
9707,66,2840,MOON JELLY,5
9707,67,1766,SEA NETTLE,2
9707,67,2393,SALP,30
9707,67,2468,THETYS SALP,3
9707,67,2840,MOON JELLY,1
9707,69,1766,SEA NETTLE,1
9707,69,2468,THETYS SALP,40
9707,69,2840,MOON JELLY,1
9707,72,1766,SEA NETTLE,1
9707,72,2393,SALP,61
9707,72,2468,THETYS SALP,5
9707,72,2840,MOON JELLY,2
9707,73,2468,THETYS SALP,1
9707,74,2840,MOON JELLY,2
9707,75,2468,THETYS SALP,1
9707,75,2840,MOON JELLY,23
9707,76,2468,THETYS SALP,1
9707,76,2840,MOON JELLY,7
9707,77,1766,SEA NETTLE,1
9707,77,2840,MOON JELLY,2
9707,79,2840,MOON JELLY,1
9707,81,2840,MOON JELLY,4
9707,82,2393,SALP,4
9707,82,2840,MOON JELLY,7
9707,83,1766,SEA NETTLE,3
9707,83,2839,PURPLE-STRIPED JELLY,1
9707,83,2840,MOON JELLY,3
9707,84,1766,SEA NETTLE,4
9707,84,2393,SALP,2
9707,84,2840,MOON JELLY,2
9707,85,1766,SEA NETTLE,59
9707,85,2839,PURPLE-STRIPED JELLY,1
9707,85,2840,MOON JELLY,11
9707,186,2839,PURPLE-STRIPED JELLY,2
9707,186,2840,MOON JELLY,5
9707,187,1766,SEA NETTLE,2
9707,187,2840,MOON JELLY,9
9707,188,1766,SEA NETTLE,1
9707,188,2840,MOON JELLY,13
9707,189,1766,SEA NETTLE,72
9707,189,2840,MOON JELLY,84
9707,192,2468,THETYS SALP,1
9707,192,2840,MOON JELLY,2
9707,194,1766,SEA NETTLE,1
9707,194,2058,PYROSOMA,1
9707,194,2468,THETYS SALP,3
9707,194,2840,MOON JELLY,1
9707,196,2058,PYROSOMA,1
9707,196,2393,SALP,1
9707,196,2840,MOON JELLY,1
9707,197,2393,SALP,1
9707,197,2468,THETYS SALP,2
9707,197,2840,MOON JELLY,1
9707,198,2393,SALP,1
9707,198,2468,THETYS SALP,30
9707,198,2840,MOON JELLY,1
9707,199,1766,SEA NETTLE,1
9707,199,2468,THETYS SALP,3
9707,199,2840,MOON JELLY,1
9707,201,1869,HETEROPOD,1
9707,201,2468,THETYS SALP,1
9707,204,1869,HETEROPOD,8
9707,204,2058,PYROSOMA,1
9707,204,2468,THETYS SALP,7
9707,205,1869,HETEROPOD,2
9707,205,2393,SALP,2
9707,206,2840,MOON JELLY,3
9707,207,2468,THETYS SALP,3
9707,207,2840,MOON JELLY,1
9707,209,1869,HETEROPOD,1
9707,212,1869,HETEROPOD,1
9707,212,2058,PYROSOMA,1
9707,212,2393,SALP,1
9707,212,2468,THETYS SALP,18
9707,214,1766,SEA NETTLE,869
9707,214,2840,MOON JELLY,3
9707,215,1766,SEA NETTLE,54
9707,215,2840,MOON JELLY,15
9707,216,1766,SEA NETTLE,2
9707,216,2468,THETYS SALP,1
9707,216,2840,MOON JELLY,2
9707,220,2468,THETYS SALP,1
9707,220,2840,MOON JELLY,3
9707,223,2840,MOON JELLY,3
9707,224,2840,MOON JELLY,9
9707,225,1766,SEA NETTLE,1
9707,225,2840,MOON JELLY,246
9707,240,1766,SEA NETTLE,74
9707,240,2468,THETYS SALP,6
9707,240,2840,MOON JELLY,20
9707,241,2840,MOON JELLY,8
9807,53,1869,HETEROPOD,1
9807,82,2840,MOON JELLY,1
9807,86,1766,SEA NETTLE,1
9807,87,1766,SEA NETTLE,1
9807,91,1766,SEA NETTLE,1
9807,134,1766,SEA NETTLE,25
9807,134,2393,SALP,1
9807,139,2840,MOON JELLY,1
9807,162,1869,HETEROPOD,1
9807,174,1869,HETEROPOD,1
9807,181,1766,SEA NETTLE,1
9807,183,1766,SEA NETTLE,1
9903,2,2393,SALP,2
9903,3,2393,SALP,347
9903,4,2393,SALP,5
9903,4,2839,PURPLE-STRIPED JELLY,1
9903,5,2393,SALP,358
9903,6,1869,HETEROPOD,2
9903,6,2393,SALP,8
9903,6,2839,PURPLE-STRIPED JELLY,1
9903,7,2393,SALP,13
9903,8,1869,HETEROPOD,1
9903,8,2393,SALP,360
9903,8,2468,THETYS SALP,1
9903,9,1869,HETEROPOD,3
9903,9,2393,SALP,630
9903,10,2393,SALP,10
9903,11,1869,HETEROPOD,1
9903,11,2393,SALP,81
9903,12,1869,HETEROPOD,3
9903,12,2393,SALP,35
9903,13,1869,HETEROPOD,10
9903,13,2393,SALP,342
9903,14,1869,HETEROPOD,2
9903,14,2393,SALP,240
9903,14,2468,THETYS SALP,33
9903,15,1869,HETEROPOD,10
9903,15,2393,SALP,1656
9903,15,2468,THETYS SALP,6
9903,16,1869,HETEROPOD,1
9903,16,2393,SALP,1419
9903,16,2468,THETYS SALP,1
9903,17,1869,HETEROPOD,2
9903,17,2393,SALP,520
9903,17,2468,THETYS SALP,16
9903,19,2393,SALP,8
9903,20,1869,HETEROPOD,2
9903,20,2393,SALP,22
9903,21,1869,HETEROPOD,8
9903,21,2393,SALP,863
9903,21,2468,THETYS SALP,1
9903,22,1869,HETEROPOD,4
9903,22,2393,SALP,814
9903,22,2468,THETYS SALP,12
9903,23,1869,HETEROPOD,15
9903,23,2393,SALP,63
9903,23,2468,THETYS SALP,4
9903,24,1869,HETEROPOD,1
9903,24,2393,SALP,23
9903,26,1869,HETEROPOD,3
9903,26,2393,SALP,858
9903,26,2468,THETYS SALP,1
9903,28,1869,HETEROPOD,1
9903,28,2393,SALP,1876
9903,29,1869,HETEROPOD,1
9903,29,2393,SALP,369
9903,30,1869,HETEROPOD,1
9903,30,2393,SALP,13
9903,30,2468,THETYS SALP,1
9903,32,1869,HETEROPOD,1
9903,32,2393,SALP,30
9903,33,2393,SALP,8
9903,33,2468,THETYS SALP,18
9903,33,2839,PURPLE-STRIPED JELLY,1
9903,34,2839,PURPLE-STRIPED JELLY,3
9903,35,1869,HETEROPOD,1
9903,38,2839,PURPLE-STRIPED JELLY,4
9903,40,2393,SALP,46
9903,41,1869,HETEROPOD,1
9903,41,2393,SALP,14
9903,41,2468,THETYS SALP,1
9903,42,1869,HETEROPOD,1
9903,42,2393,SALP,7
9903,43,2393,SALP,2
9903,44,1869,HETEROPOD,1
9903,44,2393,SALP,1
9903,47,2393,SALP,1
9903,47,2839,PURPLE-STRIPED JELLY,13
9903,48,1869,HETEROPOD,2
9903,51,1869,HETEROPOD,4
9903,51,2393,SALP,56
9903,51,2468,THETYS SALP,14
9903,52,1869,HETEROPOD,1
9903,52,2393,SALP,59
9903,52,2468,THETYS SALP,5
9903,53,1869,HETEROPOD,3
9903,53,2393,SALP,96
9903,53,2468,THETYS SALP,4
9903,54,1869,HETEROPOD,3
9903,54,2393,SALP,47
9903,55,2393,SALP,1610
9903,57,2393,SALP,154
9903,62,2393,SALP,715
9903,63,1869,HETEROPOD,2
9903,63,2393,SALP,13
9903,64,2393,SALP,16
9903,65,1869,HETEROPOD,1
9903,65,2393,SALP,32
9903,67,1869,HETEROPOD,2
9903,67,2393,SALP,13
9903,68,1869,HETEROPOD,2
9903,68,2393,SALP,1750
9903,68,2468,THETYS SALP,1
9903,69,1869,HETEROPOD,1
9903,69,2393,SALP,475
9903,70,2393,SALP,1410
9903,70,2468,THETYS SALP,1
9903,71,1869,HETEROPOD,5
9903,71,2393,SALP,2756
9903,71,2468,THETYS SALP,29
9903,79,1869,HETEROPOD,2
9903,79,2393,SALP,23
9903,80,2393,SALP,1
9903,81,1869,HETEROPOD,5
9903,82,1869,HETEROPOD,6
9903,82,2393,SALP,1
9903,82,2468,THETYS SALP,5
9903,83,2468,THETYS SALP,1
9903,86,2393,SALP,20
9903,86,2468,THETYS SALP,27
9903,87,2468,THETYS SALP,10
9903,88,1869,HETEROPOD,1
9903,88,2468,THETYS SALP,195
9903,89,1869,HETEROPOD,1
9903,89,2393,SALP,2
9903,89,2468,THETYS SALP,25
9903,90,1869,HETEROPOD,3
9903,90,2393,SALP,2
9903,90,2468,THETYS SALP,46
9903,93,1869,HETEROPOD,2
9903,93,2468,THETYS SALP,107
9903,94,2468,THETYS SALP,1
9903,95,1869,HETEROPOD,2
9903,96,1869,HETEROPOD,2
9903,96,2468,THETYS SALP,4
9903,101,2468,THETYS SALP,5
9903,103,1869,HETEROPOD,1
9903,103,2468,THETYS SALP,5
9903,106,2393,SALP,1110
9903,107,1869,HETEROPOD,4
9903,107,2393,SALP,504
9903,107,2468,THETYS SALP,2
9903,108,1869,HETEROPOD,1
9903,108,2393,SALP,743
9903,108,2468,THETYS SALP,3
9903,109,2393,SALP,1
9903,110,1869,HETEROPOD,1
9903,110,2393,SALP,36
9903,110,2468,THETYS SALP,3
9903,111,1869,HETEROPOD,4
9903,111,2393,SALP,1310
9903,111,2468,THETYS SALP,98
9903,112,1869,HETEROPOD,3
9903,112,2393,SALP,99
9903,113,1869,HETEROPOD,2
9903,113,2393,SALP,28
9903,114,1869,HETEROPOD,5
9903,114,2393,SALP,12
9903,115,1869,HETEROPOD,5
9903,115,2393,SALP,85
9903,116,1869,HETEROPOD,2
9903,117,2393,SALP,1
9903,117,2839,PURPLE-STRIPED JELLY,3
